distance_m,soil_moisture_content_pct
0.00,3.880387788
0.14,5.421313991
0.28,5.332240194
0.42,5.373166397
0.56,4.3840926
0.69,4.945018804
0.83,4.525945007
0.97,4.18687121
1.11,3.757797413
1.25,3.318723616
1.39,3.919649819
1.53,4.500576022
1.67,4.121502225
1.81,5.482428428
1.94,4.103354631
2.08,3.464280834
2.22,4.345207037
2.36,4.46613324
2.50,3.847059443
2.64,4.367985646
2.78,2.798911849
2.92,3.899838052
3.06,3.910764255
3.19,3.731690458
3.33,4.432616661
3.47,4.073542864
3.61,3.294469067
3.75,4.30539527
3.89,3.346321473
4.03,4.657247677
4.17,4.28817388
4.31,3.219100083
4.44,4.140026286
4.58,3.800952489
4.72,3.131878692
4.86,4.212804895
5.00,4.763731098
5.14,4.964657301
5.28,5.425583504
5.42,6.126509707
5.56,5.61743591
5.69,3.818362113
5.83,4.219288316
5.97,4.880214519
6.11,3.541140722
6.25,4.532066925
6.39,5.622993128
6.53,4.893919331
6.67,5.644845534
6.81,5.095771737
6.94,3.55669794
7.08,4.837624143
7.22,3.808550346
7.36,3.54947655
7.50,4.230402753
7.64,3.881328956
7.78,4.512255159
7.92,4.113181362
8.06,3.744107565
8.19,3.885033768
8.33,3.415959971
8.47,3.496886174
8.61,3.947812377
8.75,3.11873858
8.89,3.969664783
9.03,3.840590986
9.17,4.451517189
9.31,4.212443392
9.44,3.953369595
9.58,3.434295798
9.72,3.155222001
9.86,3.766148204
10.00,4.117074407
10.14,4.34800061
10.28,3.888926813
10.42,3.989853016
10.56,3.960779219
10.69,3.291705423
10.83,4.042631626
10.97,2.923557829
11.11,3.354484032
11.25,3.075410235
11.39,3.576336438
11.53,4.297262641
11.67,4.538188844
11.81,3.409115047
11.94,3.86004125
12.08,4.150967453
12.22,3.901893656
12.36,4.132819859
12.50,3.233746062
12.64,3.784672265
12.78,3.615598468
12.92,3.576524671
13.06,4.287450874
13.19,4.648377077
13.33,4.58930328
13.47,4.650229483
13.61,4.571155686
13.75,3.812081889
13.89,3.803008092
14.03,4.433934296
14.17,4.134860499
14.31,4.655786702
14.44,4.406712905
14.58,4.517639108
14.72,5.288565311
14.86,4.019491514
15.00,4.870417717
15.14,4.98134392
15.28,4.692270123
15.42,4.803196326
15.56,5.084122529
15.69,4.665048732
15.83,4.985974935
15.97,4.586901138
16.11,5.447827341
16.25,5.258753544
16.39,5.389679747
16.53,6.32060595
16.67,4.471532153
16.81,4.372458356
16.94,3.793384559
17.08,3.294310762
17.22,3.705236965
17.36,2.986163168
17.50,3.267089372
17.64,3.948015575
17.78,3.208941778
17.92,3.109867981
18.06,3.010794184
18.19,3.231720387
18.33,2.76264659
18.47,3.873572793
18.61,3.924498996
18.75,4.055425199
18.89,3.796351402
19.03,3.097277605
19.17,3.368203808
19.31,3.679130011
19.44,3.200056214
19.58,3.720982417
19.72,3.64190862
19.86,3.242834823
20.00,3.213761026
20.14,3.524687229
20.28,3.125613432
20.42,3.506539635
20.56,3.687465838
20.69,2.628392041
20.83,3.819318245
20.97,3.320244448
21.11,3.681170651
21.25,3.692096854
21.39,4.073023057
21.53,3.84394926
21.67,4.244875463
21.81,3.405801666
21.94,4.256727869
22.08,3.927654072
22.22,3.568580275
22.36,4.029506478
22.50,3.660432681
22.64,3.241358884
22.78,3.432285087
22.92,3.86321129
23.06,3.174137493
23.19,3.645063696
23.33,2.705989899
23.47,2.926916102
23.61,2.817842305
23.75,2.958768508
23.89,3.339694711
24.03,3.110620914
24.17,3.611547118
24.31,3.432473321
24.44,2.843399524
24.58,2.944325727
24.72,2.86525193
24.86,3.496178133
25.00,3.077104336
25.14,2.938030539
25.28,2.528956742
25.42,2.999882945
25.56,2.810809148
25.69,2.721735351
25.83,3.112661554
25.97,2.673587757
26.11,3.21451396
26.25,3.275440163
26.39,2.566366366
26.53,2.587292569
26.67,2.688218772
26.81,2.749144975
26.94,2.840071178
27.08,3.140997381
27.22,3.441923584
27.36,3.972849787
27.50,3.883775991
27.64,3.284702194
27.78,3.915628397
27.92,3.8465546
28.06,3.457480803
28.19,3.978407006
28.33,3.789333209
28.47,3.730259412
28.61,3.981185615
28.75,3.482111818
28.89,4.183038021
29.03,4.303964224
29.17,3.924890427
29.31,4.07581663
29.44,3.376742833
29.58,2.647669036
29.72,3.398595239
29.86,2.839521442
30.00,3.050447645
30.14,3.001373848
30.28,2.692300051
30.42,3.093226254
30.56,2.954152457
30.69,2.77507866
30.83,3.166004864
30.97,3.166931067
31.11,3.03785727
31.25,3.748783473
31.39,3.389709676
31.53,3.730635879
31.67,3.251562082
31.81,3.662488285
31.94,3.293414488
32.08,3.604340691
32.22,3.295266894
32.36,3.476193097
32.50,3.2871193
32.64,2.788045503
32.78,3.368971706
32.92,3.339897909
33.06,3.100824112
33.19,3.741750315
33.33,3.382676518
33.47,3.773602721
33.61,3.644528924
33.75,3.315455127
33.89,3.50638133
34.03,4.207307533
34.17,3.568233736
34.31,3.62915994
34.44,3.930086143
34.58,4.301012346
34.72,4.771938549
34.86,3.672864752
35.00,3.783790955
35.14,4.474717158
35.28,3.595643361
35.42,4.506569564
35.56,4.447495767
35.69,3.99842197
35.83,4.589348173
35.97,4.560274376
36.11,4.131200579
36.25,3.892126782
36.39,3.853052985
36.53,4.563979188
36.67,4.404905391
36.81,4.135831594
36.94,3.736757797
37.08,4.737684
37.22,3.738610203
37.36,3.629536406
37.50,3.930462609
37.64,4.051388813
37.78,4.232315016
37.92,3.713241219
38.06,3.784167422
38.19,3.765093625
38.33,3.706019828
38.47,3.096946031
38.61,3.217872234
38.75,2.878798437
38.89,2.60972464
39.03,3.070650843
39.17,2.671577046
39.31,3.122503249
39.44,2.753429452
39.58,2.204355655
39.72,2.825281858
39.86,2.576208061
40.00,2.067134264
40.14,2.828060467
40.28,2.78898667
40.42,3.019912873
40.56,3.280839076
40.69,3.791765279
40.83,3.372691482
40.97,4.073617686
41.11,3.624543889
41.25,3.605470092
41.39,4.436396295
41.53,4.207322498
41.67,3.918248701
41.81,3.499174904
41.94,2.980101107
42.08,3.91102731
42.22,2.821953513
42.36,3.232879716
42.50,4.043805919
42.64,3.084732122
42.78,3.965658325
42.92,3.676584528
43.06,3.447510731
43.19,3.638436934
43.33,2.499363137
43.47,2.67028934
43.61,3.251215543
43.75,3.292141746
43.89,3.373067949
44.03,3.753994152
44.17,2.854920355
44.31,3.105846559
44.44,3.576772762
44.58,2.577698965
44.72,2.698625168
44.86,2.919551371
45.00,2.140477574
45.14,2.391403777
45.28,3.08232998
45.42,2.243256183
45.56,3.944182386
45.69,2.525108589
45.83,2.296034792
45.97,2.256960995
46.11,2.197887198
46.25,2.778813401
46.39,2.869739604
46.53,3.430665807
46.67,2.45159201
46.81,2.682518213
46.94,2.713444416
47.08,2.864370619
47.22,2.585296822
47.36,2.286223025
47.50,2.817149228
47.64,2.568075431
47.78,2.259001635
47.92,2.599927838
48.06,2.190854041
48.19,2.871780244
48.33,2.552706447
48.47,2.53363265
48.61,2.844558853
48.75,2.755485056
48.89,2.936411259
49.03,3.067337462
49.17,3.318263665
49.31,3.309189868
49.44,2.630116071
49.58,2.861042274
49.72,2.261968477
49.86,2.89289468
50.00,2.883820883
50.14,3.034747086
50.28,3.255673289
50.42,3.256599492
50.56,3.217525695
50.69,3.778451898
50.83,3.619378101
50.97,3.990304304
51.11,3.991230508
51.25,3.092156711
51.39,3.003082914
51.53,2.934009117
51.67,3.05493532
51.81,3.735861523
51.94,4.116787726
52.08,3.937713929
52.22,3.588640132
52.36,2.949566335
52.50,2.730492538
52.64,3.031418741
52.78,3.202344944
52.92,3.323271147
53.06,3.46419735
53.19,2.185123553
53.33,2.746049756
53.47,2.016975959
53.61,1.997902162
53.75,2.428828365
53.89,2.149754568
54.03,2.350680771
54.17,1.991606974
54.31,1.812533177
54.44,2.023459381
54.58,1.804385584
54.72,1.505311787
54.86,1.99623799
55.00,2.537164193
55.14,2.048090396
55.28,3.359016599
55.42,2.799942802
55.56,1.940869005
55.69,2.311795208
55.83,1.732721411
55.97,1.953647614
56.11,3.284573817
56.25,3.28550002
56.39,3.836426223
56.53,3.847352426
56.67,2.198278629
56.81,3.689204832
56.94,3.710131035
57.08,3.601057238
57.22,4.911983441
57.36,3.802909644
57.50,4.353835847
57.64,4.74476205
57.78,4.745688254
57.92,5.566614457
58.06,4.80754066
58.19,4.078466863
58.33,4.089393066
58.47,3.390319269
58.61,3.631245472
58.75,3.922171675
58.89,3.523097878
59.03,3.484024081
59.17,3.124950284
59.31,4.045876487
59.44,3.47680269
59.58,3.127728893
59.72,3.618655096
59.86,3.059581299
60.00,3.360507502
60.14,2.921433705
60.28,3.052359908
60.42,3.193286111
60.56,3.664212314
60.69,3.915138517
60.83,3.99606472
60.97,3.836990923
61.11,3.607917127
61.25,3.35884333
61.39,3.449769533
61.53,3.990695736
61.67,4.161621939
61.81,3.712548142
61.94,3.943474345
62.08,4.334400548
62.22,4.045326751
62.36,3.616252954
62.50,3.687179157
62.64,4.64810536
62.78,4.399031563
62.92,4.039957766
63.06,3.340883969
63.19,3.181810172
63.33,4.652736375
63.47,4.283662578
63.61,4.174588781
63.75,4.845514984
63.89,3.266441187
64.03,3.15736739
64.17,2.448293593
64.31,2.739219796
64.44,2.930145999
64.58,3.411072203
64.72,3.761998406
64.86,3.582924609
65.00,3.583850812
65.14,3.294777015
65.28,3.365703218
65.42,3.116629421
65.56,3.217555624
65.69,3.418481827
65.83,2.82940803
65.97,3.360334233
66.11,3.291260436
66.25,3.262186639
66.39,3.423112842
66.53,3.634039045
66.67,3.234965248
66.81,4.675891451
66.94,2.806817654
67.08,3.057743857
67.22,2.81867006
67.36,3.229596263
67.50,3.410522466
67.64,4.051448669
67.78,3.702374872
67.92,4.343301076
68.06,3.294227279
68.19,3.395153482
68.33,3.486079685
68.47,3.067005888
68.61,3.167932091
68.75,3.288858294
68.89,2.669784497
69.03,2.8507107
69.17,2.911636903
69.31,3.362563106
69.44,3.173489309
69.58,2.804415512
69.72,3.135341715
69.86,2.736267918
70.00,2.707194121
70.14,2.738120324
70.28,2.479046527
70.42,2.85997273
70.56,3.290898933
70.69,3.051825136
70.83,3.102751339
70.97,3.353677542
71.11,3.904603745
71.25,2.895529949
71.39,2.966456152
71.53,2.397382355
71.67,2.828308558
71.81,2.739234761
71.94,2.850160964
72.08,3.181087167
72.22,3.32201337
72.36,3.172939573
72.50,3.023865776
72.64,3.084791979
72.78,3.475718182
72.92,2.866644385
73.06,2.477570588
73.19,2.648496791
73.33,2.259422994
73.47,3.020349197
73.61,3.7712754
73.75,3.812201603
73.89,3.313127806
74.03,3.684054009
74.17,3.164980212
74.31,3.075906415
74.44,3.276832618
74.58,3.057758822
74.72,3.498685025
74.86,3.539611228
75.00,3.240537431
75.14,3.861463634
75.28,3.542389837
75.42,2.40331604
75.56,3.424242243
75.69,2.875168446
75.83,3.726094649
75.97,3.377020852
76.11,3.087947055
76.25,2.638873258
76.39,2.479799461
76.53,2.550725664
76.67,3.351651867
76.81,3.18257807
76.94,2.883504273
77.08,2.984430476
77.22,3.255356679
77.36,4.556282882
77.50,5.447209085
77.64,5.628135288
77.78,5.009061491
77.92,3.229987694
78.06,2.340913898
78.19,1.971840101
78.33,3.392766304
78.47,3.793692507
78.61,6.75461871
78.75,6.095544913
78.89,3.726471116
79.03,3.107397319
79.17,2.778323522
79.31,3.449249725
79.44,3.410175928
79.58,3.111102131
79.72,3.152028334
79.86,3.762954537
80.00,4.08388074
80.14,4.254806943
80.28,4.595733146
80.42,4.466659349
80.56,4.807585552
80.69,4.578511755
80.83,4.649437958
80.97,4.350364161
81.11,3.711290364
81.25,3.152216567
81.39,3.583142771
81.53,3.274068974
81.67,3.544995177
81.81,4.17592138
81.94,3.486847583
82.08,3.717773786
82.22,3.508699989
82.36,3.369626192
82.50,2.870552395
82.64,3.291478598
82.78,4.212404801
82.92,4.903331004
83.06,4.484257207
83.19,3.70518341
83.33,3.646109613
83.47,2.927035816
83.61,3.227962019
83.75,3.768888222
83.89,3.709814425
84.03,4.150740628
84.17,4.671666831
84.31,4.322593034
84.44,3.913519237
84.58,3.61444544
84.72,3.885371644
84.86,3.796297847
85.00,3.97722405
85.14,3.668150253
85.28,3.929076456
85.42,3.350002659
85.56,3.110928862
85.69,3.261855065
85.83,2.612781268
85.97,2.783707471
86.11,2.914633674
86.25,2.815559877
86.39,2.89648608
86.53,2.827412283
86.67,2.848338486
86.81,2.809264689
86.94,2.570190892
87.08,2.491117095
87.22,2.602043298
87.36,2.662969501
87.50,2.923895704
87.64,3.124821907
87.78,3.75574811
87.92,3.836674313
88.06,3.687600517
88.19,3.34852672
88.33,3.429452923
88.47,3.350379126
88.61,3.591305329
88.75,3.782231532
88.89,4.073157735
89.03,3.244083938
89.17,3.015010141
89.31,2.815936344
89.44,2.836862547
89.58,3.13778875
89.72,3.178714953
89.86,3.549641156
90.00,3.880567359
90.14,2.811493562
90.28,2.832419765
90.42,3.463345968
90.56,2.984272171
90.69,3.825198374
90.83,2.946124577
90.97,3.81705078
91.11,3.987976983
91.25,4.798903186
91.39,4.53982939
91.53,4.230755593
91.67,3.531681796
91.81,3.732607999
91.94,3.253534202
92.08,3.394460405
92.22,3.415386608
92.36,3.886312811
92.50,3.597239014
92.64,3.478165217
92.78,3.53909142
92.92,3.210017623
93.06,3.250943826
93.19,3.391870029
93.33,3.552796232
93.47,3.743722435
93.61,3.344648638
93.75,3.795574841
93.89,3.186501044
94.03,3.207427247
94.17,3.45835345
94.31,3.079279653
94.44,3.340205856
94.58,2.991132059
94.72,3.722058262
94.86,3.212984466
95.00,4.103910669
95.14,3.964836872
95.28,4.115763075
95.42,2.756689278
95.56,3.487615481
95.69,3.088541684
95.83,3.709467887
95.97,4.26039409
96.11,4.721320293
96.25,4.182246496
96.39,4.133172699
96.53,3.854098902
96.67,4.645025105
96.81,4.395951308
96.94,4.196877511
97.08,4.137803714
97.22,3.938729917
97.36,2.99965612
97.50,2.700582323
97.64,2.521508526
97.78,3.122434729
97.92,3.113360932
98.06,5.154287135
98.19,4.235213339
98.33,3.676139542
98.47,2.917065745
98.61,2.877991948
98.75,3.238918151
98.89,4.139844354
99.03,4.380770557
99.17,4.62169676
99.31,5.192622963
99.44,5.393549166
99.58,5.884475369
99.72,5.905401572
99.86,5.566327775
100.00,4.917253978
100.14,4.808180181
100.28,3.709106384
100.42,4.150032587
100.56,4.53095879
100.69,5.421884993
100.83,5.402811196
100.97,5.813737399
101.11,5.944663602
101.25,5.225589805
101.39,4.566516008
101.53,3.767442212
101.67,4.088368415
101.81,3.959294618
101.94,3.790220821
102.08,4.091147024
102.22,3.502073227
102.36,4.32299943
102.50,4.213925633
102.64,4.184851836
102.78,4.185778039
102.92,3.976704242
103.06,3.807630445
103.19,3.988556648
103.33,3.379482851
103.47,3.810409054
103.61,4.221335257
103.75,4.94226146
103.89,4.993187663
104.03,4.864113866
104.17,3.925040069
104.31,3.875966272
104.44,4.426892475
104.58,4.537818678
104.72,4.248744881
104.86,3.539671085
105.00,3.770597288
105.14,3.761523491
105.28,3.642449694
105.42,3.853375897
105.56,3.4043021
105.69,3.735228303
105.83,3.336154506
105.97,3.127080709
106.11,2.928006912
106.25,3.358933115
106.39,3.259859318
106.53,3.410785521
106.67,3.241711724
106.81,3.662637927
106.94,4.02356413
107.08,3.794490333
107.22,4.005416536
107.36,3.456342739
107.50,3.457268942
107.64,3.238195145
107.78,2.629121348
107.92,2.940047551
108.06,2.510973754
108.19,2.301899958
108.33,2.052826161
108.47,2.213752364
108.61,2.424678567
108.75,2.50560477
108.89,1.906530973
109.03,2.367457176
109.17,2.208383379
109.31,2.269309582
109.44,1.970235785
109.58,2.281161988
109.72,2.082088191
109.86,2.723014394
110.00,2.483940597
110.14,2.6548668
110.28,2.515793003
110.42,2.676719206
110.56,2.947645409
110.69,3.028571612
110.83,2.609497815
110.97,2.520424018
111.11,2.261350221
111.25,2.342276424
111.39,2.133202627
111.53,2.34412883
111.67,2.525055034
111.81,2.785981237
111.94,3.29690744
112.08,3.717833643
112.22,2.358759846
112.36,2.639686049
112.50,2.000612252
112.64,2.091538455
112.78,2.092464658
112.92,2.333390861
113.06,2.394317064
113.19,3.045243267
113.33,3.12616947
113.47,2.747095673
113.61,3.048021876
113.75,2.448948079
113.89,2.229874282
114.03,2.640800485
114.17,2.061726688
114.31,2.012652891
114.44,2.363579094
114.58,2.334505297
114.72,2.5154315
114.86,2.456357703
115.00,2.177283907
115.14,2.31821011
115.28,2.669136313
115.42,2.450062516
115.56,3.100988719
115.69,2.621914922
115.83,2.412841125
115.97,2.123767328
116.11,2.164693531
116.25,2.235619734
116.39,2.606545937
116.53,2.73747214
116.67,2.978398343
116.81,3.669324546
116.94,3.460250749
117.08,3.291176952
117.22,2.722103155
117.36,2.263029358
117.50,1.983955561
117.64,1.704881764
117.78,2.355807967
117.92,2.50673417
118.06,5.817660373
118.19,3.698586576
118.33,3.24951278
118.47,2.200438983
118.61,1.941365186
118.75,2.072291389
118.89,2.473217592
119.03,2.174143795
119.17,3.155069998
119.31,2.725996201
119.44,3.436922404
119.58,2.887848607
119.72,2.48877481
119.86,3.429701013
120.00,2.550627216
120.14,2.491553419
120.28,2.612479622
120.42,2.433405825
120.56,2.974332028
120.69,3.235258231
120.83,2.586184434
120.97,2.797110637
121.11,2.95803684
121.25,2.428963043
121.39,2.589889246
121.53,2.780815449
121.67,2.531741653
121.81,3.092667856
121.94,2.453594059
122.08,2.544520262
122.22,3.185446465
122.36,2.856372668
122.50,2.427298871
122.64,3.388225074
122.78,3.029151277
122.92,2.86007748
123.06,3.371003683
123.19,2.991929886
123.33,2.482856089
123.47,2.603782292
123.61,1.914708495
123.75,2.715634698
123.89,3.526560901
124.03,2.927487104
124.17,2.918413307
124.31,3.48933951
124.44,2.960265713
124.58,2.571191916
124.72,3.562118119
124.86,2.103044322
125.00,2.933970525
125.14,3.094896729
125.28,2.875822932
125.42,3.246749135
125.56,3.927675338
125.69,3.218601541
125.83,2.519527744
125.97,2.150453947
126.11,2.16138015
126.25,3.632306353
126.39,2.533232556
126.53,2.914158759
126.67,3.075084962
126.81,2.666011165
126.94,1.966937368
127.08,2.487863571
127.22,1.938789774
127.36,2.599715977
127.50,3.54064218
127.64,3.051568383
127.78,2.792494586
127.92,2.533420789
128.06,2.224346992
128.19,2.385273195
128.33,2.376199398
128.47,2.887125602
128.61,2.748051805
128.75,3.458978008
128.89,4.079904211
129.03,3.030830414
129.17,3.371756617
129.31,2.80268282
129.44,2.183609023
129.58,3.264535226
129.72,2.935461429
129.86,3.016387632
130.00,3.407313835
130.14,4.388240038
130.28,3.349166241
130.42,3.550092444
130.56,3.211018647
130.69,4.24194485
130.83,3.112871053
130.97,3.483797256
131.11,3.324723459
131.25,3.845649662
131.39,4.646575865
131.53,3.407502068
131.67,3.908428271
131.81,4.449354475
131.94,3.620280678
132.08,3.371206881
132.22,3.642133084
132.36,2.783059287
132.50,3.56398549
132.64,3.744911693
132.78,4.095837896
132.92,4.326764099
133.06,3.967690302
133.19,2.528616505
133.33,3.629542708
133.47,3.410468911
133.61,4.301395114
133.75,5.612321317
133.89,5.76324752
134.03,3.514173723
134.17,3.115099926
134.31,3.196026129
134.44,3.296952332
134.58,4.607878535
134.72,4.308804738
134.86,3.749730941
135.00,3.160657144
135.14,3.071583348
135.28,2.932509551
135.42,2.713435754
135.56,3.154361957
135.69,2.25528816
135.83,3.586214363
135.97,3.507140566
136.11,2.618066769
136.25,4.388992972
136.39,3.249919175
136.53,3.390845378
136.67,3.211771581
136.81,2.732697784
136.94,3.143623987
137.08,3.53455019
137.22,3.785476393
137.36,3.166402596
137.50,3.527328799
137.64,3.628255002
137.78,2.939181205
137.92,3.980107408
138.06,2.791033611
138.19,3.041959814
138.33,2.982886017
138.47,2.703812221
138.61,3.174738424
138.75,3.965664627
138.89,3.67659083
139.03,3.377517033
139.17,4.348443236
139.31,5.219369439
139.44,6.800295642
139.58,4.311221845
139.72,4.482148048
139.86,2.293074251
140.00,3.664000454
140.14,4.154926657
140.28,4.59585286
140.42,4.376779063
140.56,5.307705266
140.69,3.578631469
140.83,3.849557672
140.97,2.400483875
141.11,4.081410078
141.25,4.182336281
141.39,3.393262484
141.53,3.094188687
141.67,2.91511489
141.81,2.596041093
141.94,2.666967297
142.08,3.0478935
142.22,3.348819703
142.36,3.099745906
142.50,3.940672109
142.64,2.331598312
142.78,2.662524515
142.92,2.603450718
143.06,3.204376921
143.19,4.225303124
143.33,4.026229327
143.47,2.78715553
143.61,2.838081733
143.75,2.799007936
143.89,2.979934139
144.03,3.270860342
144.17,4.401786545
144.31,3.532712748
144.44,4.173638951
144.58,3.894565154
144.72,3.495491357
144.86,3.93641756
145.00,3.667343763
145.14,3.918269966
145.28,4.90919617
145.42,3.310122373
145.56,3.811048576
145.69,3.611974779
145.83,4.362900982
145.97,4.043827185
146.11,4.364753388
146.25,5.075679591
146.39,4.046605794
146.53,3.517531997
146.67,4.1584582
146.81,3.659384403
146.94,3.580310606
147.08,3.671236809
147.22,3.032163012
147.36,3.243089215
147.50,2.824015418
147.64,2.804941621
147.78,3.505867824
147.92,3.036794027
148.06,3.17772023
148.19,3.438646433
148.33,3.009572636
148.47,2.990498839
148.61,3.601425043
148.75,3.692351246
148.89,3.563277449
149.03,3.714203652
149.17,3.635129855
149.31,3.566056058
149.44,4.226982261
149.58,4.547908464
149.72,4.528834667
149.86,4.40976087
150.00,3.890687073
150.14,3.521613276
150.28,2.882539479
150.42,2.213465682
150.56,2.304391885
150.69,2.365318088
150.83,2.566244291
150.97,3.037170494
151.11,4.218096697
151.25,3.3790229
151.39,2.419949103
151.53,2.450875306
151.67,2.101801509
151.81,2.122727712
151.94,2.663653916
152.08,2.634580119
152.22,3.205506322
152.36,3.456432525
152.50,2.777358728
152.64,2.308284931
152.78,2.819211134
152.92,2.860137337
153.06,2.54106354
153.19,2.661989743
153.33,2.612915946
153.47,2.433842149
153.61,3.324768352
153.75,4.065694555
153.89,3.116620758
154.03,3.317546961
154.17,2.738473164
154.31,2.679399367
154.44,3.31032557
154.58,3.971251773
154.72,2.802177976
154.86,3.013104179
155.00,2.534030382
155.14,2.254956585
155.28,2.545882789
155.42,4.846808992
155.56,2.927735195
155.69,4.588661398
155.83,3.439587601
155.97,2.950513804
156.11,2.631440007
156.25,3.12236621
156.39,3.363292413
156.53,4.164218616
156.67,4.845144819
156.81,3.326071022
156.94,2.856997225
157.08,3.307923428
157.22,2.658849631
157.36,2.779775834
157.50,4.250702037
157.64,3.21162824
157.78,3.402554443
157.92,3.923480646
158.06,3.624406849
158.19,3.035333052
158.33,3.806259255
158.47,3.167185458
158.61,3.668111661
158.75,4.549037865
158.89,5.139964068
159.03,4.810890271
159.17,4.721816474
159.31,3.142742677
159.44,2.56366888
159.58,3.844595083
159.72,3.465521286
159.86,4.326447489
160.00,5.307373692
160.14,4.268299895
160.28,3.059226098
160.42,3.160152301
160.56,2.361078504
160.69,2.522004707
160.83,4.27293091
160.97,2.523857113
161.11,4.014783316
161.25,3.495709519
161.39,3.226635722
161.53,2.497561925
161.67,3.188488128
161.81,3.379414331
161.94,3.220340534
162.08,3.061266738
162.22,2.742192941
162.36,2.503119144
162.50,3.734045347
162.64,3.88497155
162.78,3.385897753
162.92,5.276823956
163.06,4.337750159
163.19,4.268676362
163.33,3.339602565
163.47,3.950528768
163.61,3.441454971
163.75,3.632381174
163.89,7.573307377
164.03,5.89423358
164.17,4.325159783
164.31,4.706085986
164.44,4.237012189
164.58,3.297938392
164.72,4.048864595
164.86,3.989790798
165.00,3.620717001
165.14,3.581643204
165.28,4.072569407
165.42,3.653495611
165.56,4.444421814
165.69,6.085348017
165.83,5.28627422
165.97,4.037200423
166.11,3.718126626
166.25,3.299052829
166.39,3.609979032
166.53,4.080905235
166.67,3.291831438
166.81,2.942757641
166.94,3.483683844
167.08,4.004610047
167.22,4.22553625
167.36,4.856462453
167.50,4.337388656
167.64,2.658314859
167.78,2.649241062
167.92,2.150167265
168.06,3.331093468
168.19,3.042019671
168.33,3.412945874
168.47,3.183872077
168.61,2.53479828
168.75,2.695724484
168.89,2.026650687
169.03,2.36757689
169.17,2.448503093
169.31,2.249429296
169.44,2.420355499
169.58,2.381281702
169.72,1.922207905
169.86,2.253134108
170.00,2.394060311
170.14,2.594986514
170.28,2.225912717
170.42,2.44683892
170.56,2.187765123
170.69,2.008691326
170.83,3.359617529
170.97,2.280543732
171.11,2.331469935
171.25,3.012396138
171.39,3.183322341
171.53,3.304248544
171.67,2.375174747
171.81,2.38610095
171.94,2.177027153
172.08,2.047953356
172.22,3.90887956
172.36,3.529805763
172.50,2.670731966
172.64,2.751658169
172.78,2.752584372
172.92,2.413510575
173.06,2.514436778
173.19,2.625362981
173.33,2.506289184
173.47,2.567215387
173.61,2.83814159
173.75,2.459067793
173.89,2.409993996
174.03,2.770920199
174.17,2.671846402
174.31,2.692772605
174.44,2.833698808
174.58,2.634625011
174.72,2.405551214
174.86,2.476477417
175.00,2.51740362
175.14,2.778329823
175.28,3.159256026
175.42,2.980182229
175.56,2.631108433
175.69,3.002034636
175.83,2.772960839
175.97,2.563887042
176.11,3.304813245
176.25,3.335739448
176.39,3.316665651
176.53,3.547591854
176.67,3.598518057
176.81,3.21944426
176.94,2.670370463
177.08,3.511296666
177.22,4.082222869
177.36,4.153149072
177.50,3.404075275
177.64,2.915001478
177.78,2.635927681
177.92,2.856853884
178.06,3.527780087
178.19,4.62870629
178.33,4.689632493
178.47,4.680558696
178.61,4.731484899
178.75,3.402411102
178.89,3.653337306
179.03,4.874263509
179.17,5.425189712
179.31,4.696115915
179.44,5.647042118
179.58,5.067968321
179.72,4.458894524
179.86,4.409820727
180.00,5.70074693
180.14,4.341673133
180.28,4.462599336
180.42,5.493525539
180.56,4.134451742
180.69,5.155377945
180.83,5.046304148
180.97,4.517230351
181.11,4.828156554
181.25,5.509082757
181.39,4.19000896
181.53,4.970935163
181.67,5.381861366
181.81,5.712787569
181.94,4.513713772
182.08,4.094639975
182.22,4.515566179
182.36,4.626492382
182.50,4.537418585
182.64,4.048344788
182.78,3.429270991
182.92,3.340197194
183.06,4.621123397
183.19,4.7020496
183.33,4.892975803
183.47,4.703902006
183.61,3.874828209
183.75,3.545754412
183.89,3.496680615
184.03,3.577606818
184.17,4.418533021
184.31,5.369459224
184.44,5.570385427
184.58,4.85131163
184.72,4.412237833
184.86,3.723164036
185.00,3.074090239
185.14,3.585016442
185.28,4.365942645
185.42,4.306868848
185.56,5.677795052
185.69,4.628721255
185.83,4.239647458
185.97,4.730573661
186.11,3.651499864
186.25,3.712426067
186.39,3.34335227
186.53,3.574278473
186.67,3.505204676
186.81,4.166130879
186.94,4.667057082
187.08,4.507983285
187.22,4.478909488
187.36,3.569835691
187.50,3.630761894
187.64,3.631688097
187.78,3.2626143
187.92,2.863540503
188.06,4.184466706
188.19,3.295392909
188.33,3.566319112
188.47,3.717245315
188.61,3.128171518
188.75,3.789097721
188.89,2.980023924
189.03,3.160950128
189.17,2.861876331
189.31,3.342802534
189.44,2.993728737
189.58,3.22465494
189.72,3.345581143
189.86,3.186507346
190.00,3.067433549
190.14,2.918359752
190.28,2.619285955
190.42,2.610212158
190.56,3.011138361
190.69,3.312064564
190.83,3.372990767
190.97,2.95391697
191.11,3.094843173
191.25,2.865769376
191.39,2.976695579
191.53,3.477621782
191.67,2.988547985
191.81,3.219474188
191.94,3.110400391
192.08,3.831326594
192.22,3.432252797
192.36,3.633179001
192.50,3.474105204
192.64,3.375031407
192.78,3.08595761
192.92,3.086883813
193.06,3.747810016
193.19,3.468736219
193.33,2.859662422
193.47,3.390588625
193.61,3.721514828
193.75,3.442441031
193.89,3.833367234
194.03,3.324293437
194.17,3.04521964
194.31,3.146145843
194.44,3.987072046
194.58,3.327998249
194.72,3.178924452
194.86,3.719850655
195.00,3.240776858
195.14,3.871703061
195.28,3.502629264
195.42,3.783555467
195.56,3.45448167
195.69,2.995407874
195.83,2.866334077
195.97,2.98726028
196.11,2.958186483
196.25,3.269112686
196.39,4.000038889
196.53,4.240965092
196.67,3.581891295
196.81,3.462817498
196.94,3.773743701
197.08,3.804669904
197.22,4.485596107
197.36,4.53652231
197.50,4.337448513
197.64,3.898374716
197.78,3.609300919
197.92,3.900227122
198.06,3.741153325
198.19,3.972079528
198.33,3.023005731
198.47,3.493931934
198.61,4.184858137
198.75,3.61578434
198.89,3.726710543
199.03,3.777636747
199.17,3.52856295
199.31,3.389489153
199.44,3.640415356
199.58,3.601341559
199.72,4.062267762
199.86,3.793193965
200.00,3.834120168
200.14,3.135046371
200.28,3.565972574
200.42,3.156898777
200.56,3.19782498
200.69,3.398751183
200.83,2.979677386
200.97,3.260603589
201.11,3.011529792
201.25,3.192455995
201.39,3.253382198
201.53,2.984308401
201.67,3.355234604
201.81,3.396160807
201.94,3.46708701
202.08,3.408013213
202.22,3.458939416
202.36,3.239865619
202.50,3.240791823
202.64,3.571718026
202.78,3.472644229
202.92,3.403570432
203.06,3.384496635
203.19,3.475422838
203.33,3.446349041
203.47,3.647275244
203.61,3.368201447
203.75,3.38912765
203.89,3.360053853
204.03,3.380980056
204.17,3.131906259
204.31,3.792832462
204.44,3.563758665
204.58,3.724684868
204.72,3.515611071
204.86,3.376537274
205.00,3.267463477
205.14,3.24838968
205.28,3.459315883
205.42,3.770242086
205.56,4.101168289
205.69,3.962094492
205.83,3.593020696
205.97,3.393946899
206.11,3.264873102
206.25,3.655799305
206.39,3.746725508
206.53,4.067651711
206.67,3.928577914
206.81,3.669504117
206.94,3.60043032
207.08,3.391356523
207.22,3.692282726
207.36,3.793208929
207.50,3.224135132
207.64,3.675061335
207.78,3.395987538
207.92,3.376913741
208.06,3.617839944
208.19,3.318766147
208.33,3.41969235
208.47,3.450618553
208.61,3.701544756
208.75,3.592470959
208.89,4.003397162
209.03,3.384323365
209.17,3.425249569
209.31,3.296175772
209.44,3.117101975
209.58,3.128028178
209.72,3.428954381
209.86,3.459880584
210.00,3.360806787
210.14,3.30173299
210.28,3.042659193
210.42,2.883585396
210.56,3.364511599
210.69,3.545437802
210.83,3.396364005
210.97,3.967290208
211.11,3.628216411
211.25,3.259142614
211.39,3.360068817
211.53,3.20099502
211.67,3.451921223
211.81,3.562847426
211.94,3.363773629
212.08,3.104699832
212.22,2.795626035
212.36,2.996552238
212.50,2.927478442
212.64,3.348404645
212.78,3.589330848
212.92,3.310257051
213.06,3.431183254
213.19,3.112109457
213.33,3.00303566
213.47,3.363961863
213.61,3.234888066
213.75,3.945814269
213.89,4.116740472
214.03,3.617666675
214.17,3.338592878
214.31,3.449519081
214.44,3.450445284
214.58,3.221371487
214.72,3.95229769
214.86,4.123223893
215.00,3.314150096
215.14,3.095076299
215.28,3.606002502
215.42,3.886928705
215.56,4.017854908
215.69,4.138781111
215.83,4.419707315
215.97,3.810633518
216.11,3.681559721
216.25,3.742485924
216.39,3.983412127
216.53,3.82433833
216.67,3.615264533
216.81,3.546190736
216.94,3.547116939
217.08,3.718043142
217.22,4.038969345
217.36,3.649895548
217.50,4.010821751
217.64,3.731747954
217.78,3.402674157
217.92,3.65360036
218.06,3.874526563
218.19,3.385452766
218.33,3.376378969
218.47,3.947305172
218.61,3.458231375
218.75,3.419157578
218.89,3.550083781
219.03,3.501009984
219.17,3.511936187
219.31,3.562862391
219.44,3.683788594
219.58,3.424714797
219.72,3.905641
219.86,3.796567203
220.00,3.947493406
220.14,4.138419609
220.28,3.869345812
220.42,4.140272015
220.56,4.081198218
220.69,3.942124421
220.83,3.873050624
220.97,4.213976827
221.11,3.64490303
221.25,3.915829233
221.39,4.236755436
221.53,3.777681639
221.67,4.198607842
221.81,4.219534045
221.94,3.850460248
222.08,3.931386451
222.22,3.862312654
222.36,3.853238857
222.50,3.61416506
222.64,4.485091264
222.78,3.476017467
222.92,4.13694367
223.06,3.927869873
223.19,3.628796076
223.33,3.999722279
223.47,3.690648482
223.61,3.101574685
223.75,3.122500888
223.89,4.003427091
224.03,3.214353294
224.17,3.515279497
224.31,3.8662057
224.44,3.717131903
224.58,3.798058106
224.72,4.358984309
224.86,3.829910512
225.00,4.390836715
225.14,4.671762918
225.28,4.342689121
225.42,4.033615324
225.56,4.244541527
225.69,4.02546773
225.83,4.326393933
225.97,4.087320137
226.11,3.42824634
226.25,3.879172543
226.39,3.210098746
226.53,3.591024949
226.67,3.791951152
226.81,3.572877355
226.94,3.983803558
227.08,3.764729761
227.22,3.935655964
227.36,3.476582167
227.50,4.35750837
227.64,3.738434573
227.78,3.829360776
227.92,4.270286979
228.06,4.281213182
228.19,3.722139385
228.33,3.783065588
228.47,3.343991791
228.61,3.264917994
228.75,4.395844197
228.89,3.9767704
229.03,5.207696603
229.17,3.988622806
229.31,3.34954901
229.44,3.670475213
229.58,4.471401416
229.72,3.502327619
229.86,3.833253822
230.00,4.054180025
230.14,3.865106228
230.28,3.876032431
230.42,3.726958634
230.56,3.797884837
230.69,4.06881104
230.83,3.999737243
230.97,3.650663446
231.11,3.911589649
231.25,4.562515852
231.39,3.883442055
231.53,3.754368258
231.67,4.655294461
231.81,3.556220664
231.94,3.247146867
232.08,3.22807307
232.22,3.258999273
232.36,3.589925476
232.50,3.290851679
232.64,3.341777883
232.78,3.392704086
232.92,3.623630289
233.06,3.444556492
233.19,3.665482695
233.33,3.706408898
233.47,3.657335101
233.61,3.458261304
233.75,3.709187507
233.89,3.32011371
234.03,3.741039913
234.17,4.691966116
234.31,3.672892319
234.44,3.613818522
234.58,3.744744725
234.72,3.415670928
234.86,3.906597131
235.00,3.917523334
235.14,3.368449537
235.28,3.47937574
235.42,3.550301943
235.56,3.071228146
235.69,3.072154349
235.83,3.573080552
235.97,3.354006755
236.11,3.644932959
236.25,3.695859162
236.39,3.306785365
236.53,3.737711568
236.67,3.558637771
236.81,3.349563974
236.94,3.630490177
237.08,3.77141638
237.22,3.012342583
237.36,3.803268786
237.50,3.864194989
237.64,3.725121192
237.78,4.066047395
237.92,3.486973598
238.06,3.487899801
238.19,3.168826004
238.33,3.439752207
238.47,3.01067841
238.61,4.061604613
238.75,4.292530816
