,Volumetric soil moisture content (%),,,
,Lateral distance (m),,,
Longitudinal distance (m),0,15,30,
0,3.88,3.01,3.64,
0.14,5.42,3.17,4.44,
0.28,5.33,3.92,4.71,
0.42,5.37,4.68,3.91,
0.56,4.38,5.32,4.39,
0.69,4.95,6.01,3.25,
0.83,4.53,6.01,4.01,
0.97,4.19,5.15,3.76,
1.11,3.76,3.58,3.57,
1.25,3.32,3.64,3.3,
1.39,3.92,3.23,3.99,
1.53,4.5,3.07,3.85,
1.67,4.12,3.14,4.5,
1.81,5.48,3.25,4.64,
1.94,4.1,3.72,4.57,
2.08,3.46,4.02,4.88,
2.22,4.35,3.72,4.41,
2.36,4.47,3.55,4.17,
2.5,3.85,3.97,4.96,
2.64,4.37,3.68,4.46,
2.78,2.8,4.68,5.29,
2.92,3.9,4.08,4.48,
3.06,3.91,4.01,4.55,
3.19,3.73,4.14,5.57,
3.33,4.43,3.52,5.35,
3.47,4.07,3.8,5.68,
3.61,3.29,3.56,5.62,
3.75,4.31,3.44,5.35,
3.89,3.35,4.29,4.76,
4.03,4.66,3.61,5.62,
4.17,4.29,3.68,5.46,
4.31,3.22,3.99,5.22,
4.44,4.14,3.44,6.24,
4.58,3.8,4.03,5.68,
4.72,3.13,3.93,6.21,
4.86,4.21,3.97,5.88,
5,4.76,4.06,5.91,
5.14,4.96,3.33,5.29,
5.28,5.43,3.72,5.51,
5.42,6.13,3.26,4.71,
5.56,5.62,3.57,5.03,
5.69,3.82,3.97,5.62,
5.83,4.22,3.48,5.09,
5.97,4.88,3.54,5.16,
6.11,3.54,3.96,5.35,
6.25,4.53,3.35,4.3,
6.39,5.62,3.85,4.3,
6.53,4.89,3.63,4.76,
6.67,5.64,3.52,4.24,
6.81,5.1,4.23,4.28,
6.94,3.56,3.07,5.51,
7.08,4.84,3.29,4.67,
7.22,3.81,3.2,4.88,
7.36,3.55,3.21,4.24,
7.5,4.23,4.08,4.28,
7.64,3.88,3.82,4.64,
7.78,4.51,3.33,4.53,
7.92,4.11,3.75,4.62,
8.06,3.74,3.22,3.48,
8.19,3.89,3.05,4.33,
8.33,3.42,3.31,3.83,
8.47,3.5,3.2,3.59,
8.61,3.95,3.9,4.24,
8.75,3.12,3.67,3.35,
8.89,3.97,3.65,4.55,
9.03,3.84,4.14,4.22,
9.17,4.45,3.13,3.54,
9.31,4.21,3.79,3.89,
9.44,3.95,3.19,3.97,
9.58,3.43,3.5,4.05,
9.72,3.16,3.87,3.83,
9.86,3.77,3.6,3.99,
10,4.12,3.2,3.91,
10.14,4.35,3.26,3.64,
10.28,3.89,2.93,3.47,
10.42,3.99,4.22,3.81,
10.56,3.96,3.65,4.81,
10.69,3.29,3.51,3.91,
10.83,4.04,4.21,4.79,
10.97,2.92,3.51,3.95,
11.11,3.35,2.98,4.76,
11.25,3.08,3.89,3.77,
11.39,3.58,3.18,3.97,
11.53,4.3,3.47,2.94,
11.67,4.54,4.07,3.7,
11.81,3.41,3.37,4.35,
11.94,3.86,4.37,3.81,
12.08,4.15,3.55,4.41,
12.22,3.9,3.54,4.26,
12.36,4.13,4.26,3.91,
12.5,3.23,3.59,4.37,
12.64,3.78,3.54,4.69,
12.78,3.62,3.6,5.65,
12.92,3.58,3.75,4.01,
13.06,4.29,3.59,4.71,
13.19,4.65,3.83,5.09,
13.33,4.59,3.44,5.35,
13.47,4.65,3.67,4.39,
13.61,4.57,4.11,3.79,
13.75,3.81,3.44,3.55,
13.89,3.8,3.51,3.7,
14.03,4.43,3.98,4.22,
14.17,4.13,4,4.05,
14.31,4.66,4.37,3.72,
14.44,4.41,3.31,3.87,
14.58,4.52,3.23,3.99,
14.72,5.29,3.59,4.17,
14.86,4.02,3.18,3.91,
15,4.87,4.08,3.5,
15.14,4.98,3.81,3.48,
15.28,4.69,3.6,3.91,
15.42,4.8,3.44,4.05,
15.56,5.08,3.01,3.83,
15.69,4.67,3.63,3.66,
15.83,4.99,3.73,3.42,
15.97,4.59,3.39,2.84,
16.11,5.45,4.3,3.42,
16.25,5.26,3.83,3.52,
16.39,5.39,3.22,2.86,
16.53,6.32,4.4,2.95,
16.67,4.47,3.37,3.48,
16.81,4.37,3.83,3.19,
16.94,3.79,3.59,3.61,
17.08,3.29,3.68,3.22,
17.22,3.71,3.79,3.85,
17.36,2.99,3.81,3.59,
17.5,3.27,4.02,3.93,
17.64,3.95,3.87,2.91,
17.78,3.21,4.42,2.68,
17.92,3.11,3.83,3.16,
18.06,3.01,3.35,3.17,
18.19,3.23,2.98,3.07,
18.33,2.76,3.13,3.52,
18.47,3.87,3.61,2.99,
18.61,3.92,3.48,3.2,
18.75,4.06,3.53,3.19,
18.89,3.8,3.93,2.88,
19.03,3.1,3.5,2.87,
19.17,3.37,4.02,2.83,
19.31,3.68,3.54,3.42,
19.44,3.2,3.38,3.45,
19.58,3.72,3.41,3.54,
19.72,3.64,3.43,3.8,
19.86,3.24,3.21,3.47,
20,3.21,4.21,3.66,
20.14,3.52,3.51,4.01,
20.28,3.13,4.15,4.2,
20.42,3.51,3.82,4.37,
20.56,3.69,3.21,3.87,
20.69,2.63,3.62,3.35,
20.83,3.82,3.62,3.3,
20.97,3.32,3.56,3.66,
21.11,3.68,4.19,3.75,
21.25,3.69,2.95,4.03,
21.39,4.07,3.2,4.41,
21.53,3.84,3.56,4.07,
21.67,4.24,3.18,3.52,
21.81,3.41,3.35,4.09,
21.94,4.26,3.48,3.81,
22.08,3.93,3.38,3.89,
22.22,3.57,3.36,3.38,
22.36,4.03,3.48,3.24,
22.5,3.66,2.96,3.23,
22.64,3.24,3.59,3.13,
22.78,3.43,3.48,3.25,
22.92,3.86,3.04,3.13,
23.06,3.17,3.74,3.27,
23.19,3.65,3.03,3.43,
23.33,2.71,3.85,3.42,
23.47,2.93,3.56,3.15,
23.61,2.82,3.46,3.87,
23.75,2.96,3.99,4.01,
23.89,3.34,3.48,3.54,
24.03,3.11,3.53,4.01,
24.17,3.61,4.13,4.03,
24.31,3.43,3.55,4.04,
24.44,2.84,3.35,3.38,
24.58,2.94,3.64,4.6,
24.72,2.87,3.35,3.96,
24.86,3.5,3.9,3.33,
25,3.08,3.85,3.19,
25.14,2.94,3.7,3.47,
25.28,2.53,3.24,3.42,
25.42,3,4.36,3.66,
25.56,2.81,3.16,4.01,
25.69,2.72,3.74,4.1,
25.83,3.11,3,4.19,
25.97,2.67,4.48,3.48,
26.11,3.21,4.91,3.89,
26.25,3.28,4.26,3.87,
26.39,2.57,3.85,3.45,
26.53,2.59,4.19,3.34,
26.67,2.69,3.64,3.16,
26.81,2.75,3.95,2.99,
26.94,2.84,3.53,2.98,
27.08,3.14,4.36,3.22,
27.22,3.44,4.96,2.95,
27.36,3.97,4.98,3.2,
27.5,3.88,3.77,3.02,
27.64,3.28,3.75,3.06,
27.78,3.92,3.45,3.3,
27.92,3.85,3.96,3,
28.06,3.46,3.8,3.12,
28.19,3.98,3.87,3,
28.33,3.79,4.52,2.91,
28.47,3.73,3.55,3.11,
28.61,3.98,3.82,3.05,
28.75,3.48,4.19,2.92,
28.89,4.18,3.57,3.05,
29.03,4.3,3.32,3.14,
29.17,3.92,3.56,3.05,
29.31,4.08,3.3,3.11,
29.44,3.38,2.93,3.39,
29.58,2.65,3.08,3.12,
29.72,3.4,3.21,3.58,
29.86,2.84,3.74,4.04,
30,3.05,3.12,3.24,
30.14,3,3.61,3.11,
30.28,2.69,3.47,3.26,
30.42,3.09,3.16,3.22,
30.56,2.95,3.6,3.21,
30.69,2.78,3.08,3.45,
30.83,3.17,3.32,3.38,
30.97,3.17,3.81,3.38,
31.11,3.04,3.22,3.69,
31.25,3.75,3.57,2.92,
31.39,3.39,3.74,3.25,
31.53,3.73,3.28,2.07,
31.67,3.25,3.67,3.28,
31.81,3.66,3.32,3.6,
31.94,3.29,3.32,3.36,
32.08,3.6,3.92,3.98,
32.22,3.3,3.65,4.97,
32.36,3.48,3.46,3.06,
32.5,3.29,3.53,2.92,
32.64,2.79,3.5,3.15,
32.78,3.37,4.59,3.33,
32.92,3.34,4.09,4.03,
33.06,3.1,3.56,5.28,
33.19,3.74,3.96,2.67,
33.33,3.38,3.51,4.78,
33.47,3.77,3.22,3.69,
33.61,3.64,4.57,3.82,
33.75,3.32,3.28,4.73,
33.89,3.51,3.94,3.67,
34.03,4.21,3.94,3.74,
34.17,3.57,3.28,3.91,
34.31,3.63,3.7,3.49,
34.44,3.93,3.61,3.53,
34.58,4.3,3.55,4.62,
34.72,4.77,3.81,4.68,
34.86,3.67,3.34,4.06,
35,3.78,2.98,4.17,
35.14,4.47,3.5,3.82,
35.28,3.6,2.99,4.45,
35.42,4.51,3.25,4.17,
35.56,4.45,3.68,3.66,
35.69,4,3.53,3.64,
35.83,4.59,3.57,3.77,
35.97,4.56,3.51,3.22,
36.11,4.13,3.2,3.28,
36.25,3.89,3.26,3.49,
36.39,3.85,3.3,3.45,
36.53,4.56,3.47,2.97,
36.67,4.4,3.5,3.11,
36.81,4.14,3.28,3.05,
36.94,3.74,2.92,3.53,
37.08,4.74,3.37,3.36,
37.22,3.74,2.68,3.39,
37.36,3.63,3.68,3.67,
37.5,3.93,3.38,3.34,
37.64,4.05,3.02,3.43,
37.78,4.23,3.73,2.89,
37.92,3.71,3.36,3.25,
38.06,3.78,3.45,2.79,
38.19,3.77,3.65,3.06,
38.33,3.71,3.15,3,
38.47,3.1,3.6,3.12,
38.61,3.22,3.47,3.31,
38.75,2.88,3.14,3.34,
38.89,2.61,3.81,3.47,
39.03,3.07,3.53,3.27,
39.17,2.67,3.91,3.23,
39.31,3.12,4.36,3.14,
39.44,2.75,3.96,3.66,
39.58,2.2,3.86,3.25,
39.72,2.83,3.34,2.97,
39.86,2.58,2.6,3.21,
40,2.07,3.99,3.28,
40.14,2.83,3.42,3.3,
40.28,2.79,3.96,3.25,
40.42,3.02,5.63,2.77,
40.56,3.28,4.31,2.82,
40.69,3.79,3.44,2.82,
40.83,3.37,3.76,2.42,
40.97,4.07,2.71,2.79,
41.11,3.62,3.72,2.75,
41.25,3.61,3.89,2.68,
41.39,4.44,3.89,2.65,
41.53,4.21,4.78,2.72,
41.67,3.92,4.01,2.79,
41.81,3.5,3.5,2.52,
41.94,2.98,3.68,3.01,
42.08,3.91,3.59,2.79,
42.22,2.82,3.48,2.89,
42.36,3.23,4.47,2.9,
42.5,4.04,3.27,2.77,
42.64,3.08,3.83,3.68,
42.78,3.97,3.65,2.63,
42.92,3.68,2.73,3.16,
43.06,3.45,3.81,3.03,
43.19,3.64,3.06,3.07,
43.33,2.5,3.89,3.3,
43.47,2.67,3.83,3.15,
43.61,3.25,3.18,2.82,
43.75,3.29,3.37,3.42,
43.89,3.37,3.65,4.01,
44.03,3.75,3.05,3.44,
44.17,2.85,3.12,3.1,
44.31,3.11,3.14,3.58,
44.44,3.58,3.11,3.15,
44.58,2.58,4.64,3.3,
44.72,2.7,3.84,3.21,
44.86,2.92,3.46,2.79,
45,2.14,4.18,2.73,1
45.14,2.39,3.29,3.12,
45.28,3.08,4.11,2.69,
45.42,2.24,3.72,2.79,
45.56,3.94,3.61,2.77,
45.69,2.53,3.73,2.79,
45.83,2.3,4.24,3.34,
45.97,2.26,3.14,2.87,
46.11,2.2,3.33,3.05,
46.25,2.78,2.87,3.11,
46.39,2.87,3.44,3.35,
46.53,3.43,3.22,3.46,
46.67,2.45,3.01,4.01,
46.81,2.68,3.14,3.33,
46.94,2.71,3.47,3.36,
47.08,2.86,2.82,4.57,
47.22,2.59,3.5,3.36,
47.36,2.29,3.19,4.62,
47.5,2.82,3.19,3.85,
47.64,2.57,3.33,4.41,
47.78,2.26,3.43,3.57,
47.92,2.6,3.32,4.64,
48.06,2.19,3.63,3.38,
48.19,2.87,3.1,3.66,
48.33,2.55,4.06,2.49,
48.47,2.53,3.25,3.35,
48.61,2.84,3.15,3.64,
48.75,2.76,3.25,3.58,
48.89,2.94,3.35,4.48,
49.03,3.07,3.05,3.7,
49.17,3.32,3.59,3.73,
49.31,3.31,2.94,2.89,
49.44,2.63,3.24,3.14,
49.58,2.86,3.28,3.01,
49.72,2.26,3.11,2.92,
49.86,2.89,3.35,3.06,
50,2.88,3.75,2.81,
50.14,3.03,3.86,2.41,
50.28,3.26,3.78,2.79,
50.42,3.26,3.37,2.49,
50.56,3.22,3.68,2.75,
50.69,3.78,3.17,2.85,
50.83,3.62,3.5,2.27,
50.97,3.99,4.07,2.32,
51.11,3.99,4.05,2.31,
51.25,3.09,4.02,2.28,
51.39,3,3.99,2.61,
51.53,2.93,3.51,2.59,
51.67,3.05,3.8,2.46,
51.81,3.74,3.2,2.59,
51.94,4.12,3.19,2.88,
52.08,3.94,3.58,2.94,
52.22,3.59,4.02,2.87,
52.36,2.95,3.56,2.75,
52.5,2.73,3.7,2.77,
52.64,3.03,3.36,3.11,
52.78,3.2,3.36,3.12,
52.92,3.32,3.44,2.88,
53.06,3.46,3.81,3.06,
53.19,2.19,3.24,2.84,
53.33,2.75,3.37,2.72,
53.47,2.02,3.19,2.94,
53.61,2,4.03,3.02,
53.75,2.43,3.82,3.23,
53.89,2.15,3.61,3.55,
54.03,2.35,3.62,4.26,
54.17,1.99,3.18,3.98,
54.31,1.81,3.07,3.7,
54.44,2.02,3.37,3.87,
54.58,1.8,3.04,4.99,
54.72,1.51,3.34,4.78,
54.86,2,3.22,4.39,
55,2.54,3.15,4.71,
55.14,2.05,3.29,4.5,
55.28,3.36,2.82,3.83,
55.42,2.8,3,4.84,
55.56,1.94,2.75,4.11,
55.69,2.31,2.88,5.24,
55.83,1.73,3.25,5.56,
55.97,1.95,3.37,4.64,
56.11,3.28,3.17,4.55,
56.25,3.29,3.01,4.51,
56.39,3.84,3.2,5.53,
56.53,3.85,3.33,4.03,
56.67,2.2,3.52,5.25,
56.81,3.69,3.31,4.1,
56.94,3.71,3.07,4.41,
57.08,3.6,3.52,5.88,
57.22,4.91,3.06,5.55,
57.36,3.8,3.98,5.04,
57.5,4.35,3.73,4.8,
57.64,4.74,4,3.3,
57.78,4.75,3.93,3.56,
57.92,5.57,3.95,4.92,
58.06,4.81,3.67,4.47,
58.19,4.08,3.53,3.26,
58.33,4.09,3.35,4.47,
58.47,3.39,3.44,4.47,
58.61,3.63,3.22,4.31,
58.75,3.92,3.09,4.36,
58.89,3.52,3.5,3.46,
59.03,3.48,3.72,3.78,
59.17,3.12,3.05,3.6,
59.31,4.05,3.7,2.88,
59.44,3.48,2.85,3.9,
59.58,3.13,3.18,3.17,
59.72,3.62,3.05,3.76,
59.86,3.06,3.06,3.6,
60,3.36,3.6,4.29,
60.14,2.92,3.33,4.02,
60.28,3.05,3.04,5.31,
60.42,3.19,3.65,4.36,
60.56,3.66,3.57,4.41,
60.69,3.92,3.49,3.3,
60.83,4,3.59,3.04,
60.97,3.84,2.87,4.51,
61.11,3.61,3.39,4.57,
61.25,3.36,2.94,3.89,
61.39,3.45,3.28,5.68,
61.53,3.99,3.09,4.98,
61.67,4.16,3.17,3.24,
61.81,3.71,3.06,3.27,
61.94,3.94,3.32,4.06,
62.08,4.33,2.65,3.09,
62.22,4.05,3.39,2.81,
62.36,3.62,3.07,3.08,
62.5,3.69,2.82,3.89,
62.64,4.65,3.27,3.33,
62.78,4.4,2.87,3.67,
62.92,4.04,3.31,3.1,
63.06,3.34,3.61,4.81,
63.19,3.18,3.21,3.83,
63.33,4.65,3.21,3.65,
63.47,4.28,3.95,4.03,
63.61,4.17,3.43,5.17,
63.75,4.85,3.99,4.31,
63.89,3.27,3.61,3.1,
64.03,3.16,3.36,3.06,
64.17,2.45,3.6,3.52,
64.31,2.74,3.22,3.48,
64.44,2.93,3.33,3.4,
64.58,3.41,3.46,3.14,
64.72,3.76,3.49,3.6,
64.86,3.58,3.97,3.99,
65,3.58,3.8,3.63,
65.14,3.29,3.47,3.72,
65.28,3.37,3.74,3.58,
65.42,3.12,3.51,3.77,
65.56,3.22,3.8,3.32,
65.69,3.42,3.58,4.03,
65.83,2.83,3.61,4.67,
65.97,3.36,3.73,4.33,
66.11,3.29,4,4.57,
66.25,3.26,4.24,4.28,
66.39,3.42,4.12,4.57,
66.53,3.63,3.86,5.35,
66.67,3.23,3.8,3.87,
66.81,4.68,4.84,3.93,
66.94,2.81,4.38,4.76,
67.08,3.06,4.73,3.78,
67.22,2.82,4.48,3.85,
67.36,3.23,4.15,4.37,
67.5,3.41,4.07,3.32,
67.64,4.05,3.81,3.76,
67.78,3.7,3.62,3.74,
67.92,4.34,3.93,3.4,
68.06,3.29,3.73,3.16,
68.19,3.4,3.68,3.81,
68.33,3.49,3.84,3.24,
68.47,3.07,3.28,3.13,
68.61,3.17,3.25,3.54,
68.75,3.29,3.53,3.16,
68.89,2.67,3.06,3.43,
69.03,2.85,3.04,4.69,
69.17,2.91,3.24,3.68,
69.31,3.36,3.07,4.09,
69.44,3.17,3.4,3.5,
69.58,2.8,3.25,3.64,
69.72,3.14,3.27,4.07,
69.86,2.74,3.57,4.53,
70,2.71,3.2,4.03,
70.14,2.74,3.12,4.15,
70.28,2.48,2.94,3.61,
70.42,2.86,2.83,2.76,
70.56,3.29,3.05,3.55,
70.69,3.05,3.5,3.05,
70.83,3.1,3.47,4.08,
70.97,3.35,3.14,4.96,
71.11,3.9,3.22,4.37,
71.25,2.9,3.1,4.23,
71.39,2.97,2.93,3.96,
71.53,2.4,2.99,3.61,
71.67,2.83,2.76,3.24,
71.81,2.74,2.94,3.83,
71.94,2.85,3.14,4.01,
72.08,3.18,3.27,3.81,
72.22,3.32,3.44,4.15,
72.36,3.17,3.57,3.91,
72.5,3.02,3.37,3.3,
72.64,3.08,3.38,3.35,
72.78,3.48,2.95,3.59,
72.92,2.87,2.98,3.89,
73.06,2.48,3.31,4.94,
73.19,2.65,3,5.29,
73.33,2.26,3.4,4.76,
73.47,3.02,3.75,4.5,
73.61,3.77,3.41,4.5,
73.75,3.81,3.52,4.09,
73.89,3.31,3.12,4.41,
74.03,3.68,2.94,3.25,
74.17,3.16,3.11,3.91,
74.31,3.08,3.17,3.87,
74.44,3.28,3.14,3.83,
74.58,3.06,3.59,5.03,
74.72,3.5,3.01,5.05,
74.86,3.54,3.22,5.26,
75,3.24,3.43,3.84,
75.14,3.86,3.05,2.47,
75.28,3.54,3.35,3.79,
75.42,2.4,3.52,3.19,
75.56,3.42,2.97,3.51,
75.69,2.88,3.33,4.25,
75.83,3.73,3.32,4.04,
75.97,3.38,3.03,3.96,
76.11,3.09,3.36,4.79,
76.25,2.64,4.58,4.96,
76.39,2.48,3.31,4.03,
76.53,2.55,3.34,3.37,
76.67,3.35,3.22,3.63,
76.81,3.18,3.44,3.3,
76.94,2.88,3.66,4.49,
77.08,2.98,3.6,3.33,
77.22,3.26,3.31,3.37,
77.36,4.56,3.68,3.34,
77.5,5.45,3.56,3.71,
77.64,5.63,3.65,3.8,
77.78,5.01,3.54,4.34,
77.92,3.23,3.42,3.51,
78.06,2.34,3.59,3.15,
78.19,1.97,3.28,4.36,
78.33,3.39,3.14,4.6,
78.47,3.79,3.55,4.29,
78.61,6.75,3.44,4.03,
78.75,6.1,3.78,3.88,
78.89,3.73,3.26,4.94,
79.03,3.11,3.24,3.87,
79.17,2.78,3.41,4.14,
79.31,3.45,4,3.37,
79.44,3.41,3.65,3.72,
79.58,3.11,3.99,4.09,
79.72,3.15,4.18,4.26,
79.86,3.76,3.86,4.09,
80,4.08,3.87,3.99,
80.14,4.25,4.11,3.37,
80.28,4.6,3.77,4.01,
80.42,4.47,3.15,4.72,
80.56,4.81,3.31,4.34,
80.69,4.58,2.98,4.4,
80.83,4.65,3.75,4.31,
80.97,4.35,3.21,4.07,
81.11,3.71,2.96,3.95,
81.25,3.15,3.45,3.68,
81.39,3.58,3.16,3.74,
81.53,3.27,3.12,3.91,
81.67,3.54,3.1,4.44,
81.81,4.18,3.06,4.35,
81.94,3.49,3.29,3.61,
82.08,3.72,3.77,4.72,
82.22,3.51,3.13,3.44,
82.36,3.37,3.11,4.31,
82.5,2.87,3.32,3.89,
82.64,3.29,3.96,3.76,
82.78,4.21,3.99,3.22,
82.92,4.9,4.4,3.99,
83.06,4.48,4,4.14,
83.19,3.71,5.58,4.81,
83.33,3.65,4.18,4.2,
83.47,2.93,3.72,4.01,
83.61,3.23,3.56,3.68,
83.75,3.77,3.53,4.58,
83.89,3.71,3.29,4.07,
84.03,4.15,3.37,5.06,
84.17,4.67,3.84,3.91,
84.31,4.32,4.01,4.51,
84.44,3.91,3.82,3.72,
84.58,3.61,3.57,4.6,
84.72,3.89,2.96,4.31,
84.86,3.8,3.32,4.78,
85,3.98,3.32,3.97,
85.14,3.67,3.47,4.69,
85.28,3.93,3.59,3.87,
85.42,3.35,3.15,5.12,
85.56,3.11,3.75,4.41,
85.69,3.26,3.82,4.51,
85.83,2.61,3.84,4.01,
85.97,2.78,3.97,3.35,
86.11,2.91,3.69,3.33,
86.25,2.82,3.26,3.81,
86.39,2.9,3.77,3.87,
86.53,2.83,3.7,3.55,
86.67,2.85,4.96,3.98,
86.81,2.81,4.05,3.48,
86.94,2.57,3.87,3.81,
87.08,2.49,2.88,2.72,
87.22,2.6,3.08,3.52,
87.36,2.66,2.95,3.15,
87.5,2.92,3.66,3.66,
87.64,3.12,4.51,3.33,
87.78,3.76,4.35,3.9,
87.92,3.84,4.51,3.36,
88.06,3.69,4.33,3.3,
88.19,3.35,3.45,3.39,
88.33,3.43,3.36,3.24,
88.47,3.35,3.43,3.33,
88.61,3.59,3.84,3.47,
88.75,3.78,3.82,3.65,
88.89,4.07,3.3,4.51,
89.03,3.24,3.42,3.76,
89.17,3.02,3.66,3.44,
89.31,2.82,3.74,3.37,
89.44,2.84,3.6,4.06,
89.58,3.14,3.36,3.36,
89.72,3.18,3.77,4.28,
89.86,3.55,3.04,3.1,
90,3.88,2.79,3.98,
90.14,2.81,3,3.76,
90.28,2.83,3.47,3.67,
90.42,3.46,3.45,3.04,
90.56,2.98,3.54,3.44,
90.69,3.83,3.59,3.18,
90.83,2.95,3.31,3.24,
90.97,3.82,3.73,3.37,
91.11,3.99,3.62,3.65,
91.25,4.8,3.57,3.27,
91.39,4.54,3.46,3.63,
91.53,4.23,3.62,4.75,
91.67,3.53,3.71,4.36,
91.81,3.73,4.25,4.31,
91.94,3.25,3.63,4.25,
92.08,3.39,3.49,4.8,
92.22,3.42,3.8,3.44,
92.36,3.89,4.82,3.42,
92.5,3.6,4.61,4.25,
92.64,3.48,4.02,4.68,
92.78,3.54,3.26,4.14,
92.92,3.21,3.22,3.32,
93.06,3.25,3.19,3.65,
93.19,3.39,3.44,3.96,
93.33,3.55,3.77,3.94,
93.47,3.74,4.32,3.98,
93.61,3.34,3.99,3.44,
93.75,3.8,4.59,3.56,
93.89,3.19,3.23,3.65,
94.03,3.21,3.02,3.6,
94.17,3.46,3,3.26,
94.31,3.08,3.34,3.6,
94.44,3.34,3.38,4.2,
94.58,2.99,3.23,4.12,
94.72,3.72,3.02,3.36,
94.86,3.21,3.06,3.37,
95,4.1,3.7,3.42,
95.14,3.96,3.63,3.46,
95.28,4.12,3.41,3.88,
95.42,2.76,3.66,4.06,
95.56,3.49,3.78,4.97,
95.69,3.09,3.53,5.36,
95.83,3.71,3.35,4.08,
95.97,4.26,3.38,2.92,
96.11,4.72,3.43,3.43,
96.25,4.18,3.56,3.42,
96.39,4.13,3.94,3.53,
96.53,3.85,4.11,3.92,
96.67,4.65,3.88,4.27,
96.81,4.4,3.9,3.8,
96.94,4.2,3.63,4.2,
97.08,4.14,3.6,4,
97.22,3.94,3.59,3.72,
97.36,3,3.39,3.47,
97.5,2.7,3.23,4.1,
97.64,2.52,3.14,3.27,
97.78,3.12,3.08,4.38,
97.92,3.11,3.12,4.04,
98.06,5.15,3.24,3.1,
98.19,4.24,3.28,3.41,
98.33,3.68,3.42,3.84,
98.47,2.92,3.3,3.9,
98.61,2.88,3.02,4.33,
98.75,3.24,2.89,3.99,
98.89,4.14,3.25,3.97,
99.03,4.38,3.7,4.16,
99.17,4.62,3.86,3.54,
99.31,5.19,3.86,3.75,
99.44,5.39,3.83,4.06,
99.58,5.88,3.58,4.39,
99.72,5.91,3.23,4.67,
99.86,5.57,3.63,4.11,
100,4.92,3.48,4.37,
100.14,4.81,4.36,5.24,
100.28,3.71,6.38,3.78,
100.42,4.15,6.09,3.67,
100.56,4.53,5.2,4.11,
100.69,5.42,4.25,4.23,
100.83,5.4,3.36,3.24,
100.97,5.81,3.28,4.35,
101.11,5.94,3.56,4.21,
101.25,5.23,4.15,3.81,
101.39,4.57,4.8,4.67,
101.53,3.77,6.35,3.88,
101.67,4.09,5.99,4.38,
101.81,3.96,5.27,5.01,
101.94,3.79,4.36,4.38,
102.08,4.09,3.99,3.67,
102.22,3.5,3.98,4.45,
102.36,4.32,3.78,4.01,
102.5,4.21,3.54,4.73,
102.64,4.18,3.88,3.26,
102.78,4.19,4.1,3.9,
102.92,3.98,4.46,4.4,
103.06,3.81,4.87,4.4,
103.19,3.99,4.52,4.04,
103.33,3.38,4.13,3.84,
103.47,3.81,3.83,3.96,
103.61,4.22,3.6,4.63,
103.75,4.94,3.26,5.06,
103.89,4.99,3.56,4.52,
104.03,4.86,3.45,4.45,
104.17,3.93,3.85,4.14,
104.31,3.88,3.91,3.34,
104.44,4.43,4.19,3.88,
104.58,4.54,4.05,4.91,
104.72,4.25,3.72,4.65,
104.86,3.54,3.34,4.48,
105,3.77,3.21,5.22,
105.14,3.76,3.12,5.27,
105.28,3.64,3.46,5.49,
105.42,3.85,3.49,5.42,
105.56,3.4,3.8,5.6,
105.69,3.74,3.84,5.38,
105.83,3.34,3.8,5.32,
105.97,3.13,4.09,5.08,
106.11,2.93,3.93,4.65,
106.25,3.36,3.78,5.17,
106.39,3.26,3.78,4.98,
106.53,3.41,3.44,5.16,
106.67,3.24,3.4,4.98,
106.81,3.66,3.34,4.52,
106.94,4.02,3.29,3.88,
107.08,3.79,4.03,3.87,
107.22,4.01,4.71,4.15,
107.36,3.46,4.33,5.08,
107.5,3.46,4.28,3.85,
107.64,3.24,3.78,4.12,
107.78,2.63,3.51,4.15,
107.92,2.94,3.6,3.59,
108.06,2.51,3.44,3.18,
108.19,2.3,3.68,3.46,
108.33,2.05,3.89,3.92,
108.47,2.21,3.63,2.98,
108.61,2.42,3.51,2.91,
108.75,2.51,3.29,4.25,
108.89,1.91,3.54,3.33,
109.03,2.37,3.88,2.72,
109.17,2.21,3.55,3.51,
109.31,2.27,3.16,2.93,
109.44,1.97,2.99,2.93,
109.58,2.28,3,2.76,
109.72,2.08,3.24,2.32,
109.86,2.72,3.29,2.79,
110,2.48,3.26,2.7,
110.14,2.65,3.3,2.77,
110.28,2.52,3.57,3.22,
110.42,2.68,3.07,2.54,
110.56,2.95,2.9,2.12,
110.69,3.03,2.8,1.83,
110.83,2.61,2.99,2.25,
110.97,2.52,3.24,2.27,
111.11,2.26,3.57,2.56,
111.25,2.34,3.41,2.21,
111.39,2.13,3.56,2.24,
111.53,2.34,3.51,2.13,
111.67,2.53,3.1,2,
111.81,2.79,2.97,2.18,
111.94,3.3,3.22,2.91,
112.08,3.72,3.04,2.93,
112.22,2.36,3.56,2.69,
112.36,2.64,3.49,2.84,
112.5,2,3.25,2.85,
112.64,2.09,3.11,2.96,
112.78,2.09,3.13,2.66,
112.92,2.33,3.29,3.3,
113.06,2.39,3.15,2.93,
113.19,3.05,3.37,2.57,
113.33,3.13,3.21,2.69,
113.47,2.75,3.25,2.93,
113.61,3.05,3.41,2.63,
113.75,2.45,3.42,3.64,
113.89,2.23,3.12,3.46,
114.03,2.64,3.39,2.4,
114.17,2.06,3.3,1.96,
114.31,2.01,3.52,1.92,
114.44,2.36,3.15,1.98,
114.58,2.33,3.36,1.95,
114.72,2.52,3.36,2.69,
114.86,2.46,3.23,2.99,
115,2.18,3.31,3.09,
115.14,2.32,3.46,2.16,
115.28,2.67,3.34,2.32,
115.42,2.45,3.05,1.9,
115.56,3.1,3.25,2,
115.69,2.62,2.78,2.41,
115.83,2.41,2.86,2.31,
115.97,2.12,2.85,2.31,
116.11,2.16,3.07,2.63,
116.25,2.24,3.17,1.91,
116.39,2.61,3.39,2.16,
116.53,2.74,3.09,2.09,
116.67,2.98,2.92,2.24,
116.81,3.67,2.79,1.92,
116.94,3.46,3.21,2.01,
117.08,3.29,3.38,2.14,
117.22,2.72,3.72,2.11,
117.36,2.26,3.3,2.34,
117.5,1.98,3.02,2.65,
117.64,1.7,2.79,3.43,
117.78,2.36,2.84,4.64,
117.92,2.51,2.9,3.51,
118.06,5.82,3.01,3.34,
118.19,3.7,3.48,3.14,
118.33,3.25,3.18,2.64,
118.47,2.2,3.06,2.86,
118.61,1.94,2.78,3.57,
118.75,2.07,2.82,3.09,
118.89,2.47,2.56,4.23,
119.03,2.17,2.89,2.76,
119.17,3.16,2.53,3.18,
119.31,2.73,2.85,2.76,
119.44,3.44,2.89,2.86,
119.58,2.89,2.79,2.5,
119.72,2.49,2.88,1.85,
119.86,3.43,3.05,2.22,
120,2.55,2.61,2.21,
120.14,2.49,2.71,2.47,
120.28,2.61,2.64,2.36,
120.42,2.43,2.87,2.23,
120.56,2.97,2.91,2.07,
120.69,3.24,3.1,2.12,
120.83,2.59,3.13,2.36,
120.97,2.8,2.92,2.08,
121.11,2.96,2.7,2.04,
121.25,2.43,2.54,2.41,
121.39,2.59,2.85,2.04,
121.53,2.78,2.97,2.02,
121.67,2.53,3.04,2.14,
121.81,3.09,3.19,2.09,
121.94,2.45,2.95,2.2,
122.08,2.54,2.62,2.84,
122.22,3.19,2.86,2.82,
122.36,2.86,3.14,2.39,
122.5,2.43,2.83,2.22,
122.64,3.39,3.12,2.21,
122.78,3.03,2.86,2.26,
122.92,2.86,2.95,2.3,
123.06,3.37,3.05,2.56,
123.19,2.99,3.06,3.28,
123.33,2.48,3.01,2.92,
123.47,2.6,3.3,2.53,
123.61,1.91,2.97,2.47,
123.75,2.72,2.89,3.4,
123.89,3.53,3.16,3.2,
124.03,2.93,2.65,2.49,
124.17,2.92,3.01,2.95,
124.31,3.49,2.89,3.29,
124.44,2.96,3.12,3.17,
124.58,2.57,3.02,3.08,
124.72,3.56,2.82,3.83,
124.86,2.1,2.91,3.71,
125,2.93,2.69,2.72,
125.14,3.09,2.67,3.74,
125.28,2.88,2.52,3.13,
125.42,3.25,2.92,3.4,
125.56,3.93,2.45,3.14,
125.69,3.22,2.84,3.48,
125.83,2.52,2.53,2.68,
125.97,2.15,2.49,2.75,
126.11,2.16,2.71,3.3,
126.25,3.63,2.91,2.84,
126.39,2.53,3.1,3.12,
126.53,2.91,2.71,2.97,
126.67,3.08,2.63,2.78,
126.81,2.67,2.79,3.32,
126.94,1.97,2.31,3.82,
127.08,2.49,2.66,3.28,
127.22,1.94,2.39,3.66,
127.36,2.6,2.63,3.69,
127.5,3.54,3.34,3.18,
127.64,3.05,3.27,3.65,
127.78,2.79,3.55,3.54,
127.92,2.53,2.82,3.49,
128.06,2.22,3,2.8,
128.19,2.39,2.53,2.95,
128.33,2.38,2.55,3.04,
128.47,2.89,2.99,3.21,
128.61,2.75,3.12,3.83,
128.75,3.46,3.13,2.96,
128.89,4.08,4.1,3.4,
129.03,3.03,4.21,4.24,
129.17,3.37,3.39,3.07,
129.31,2.8,3.3,3.58,
129.44,2.18,2.59,3.27,
129.58,3.26,3.22,2.72,
129.72,2.94,3.49,4.73,
129.86,3.02,3.39,4.17,
130,3.41,4.2,4.25,
130.14,4.39,4.28,3.62,
130.28,3.35,3.74,3.62,
130.42,3.55,4.02,3.14,
130.56,3.21,3.66,3.14,
130.69,4.24,3.45,4.44,
130.83,3.11,4.25,3.43,
130.97,3.48,4.27,3.65,
131.11,3.32,4.9,3.97,
131.25,3.85,4.55,4.16,
131.39,4.65,4.28,3.39,
131.53,3.41,3.68,3.85,
131.67,3.91,3.61,3.29,
131.81,4.45,3.3,3.51,
131.94,3.62,3.72,3.65,
132.08,3.37,5.72,4.31,
132.22,3.64,5.63,3.97,
132.36,2.78,7.37,4.31,
132.5,3.56,5.47,3.07,
132.64,3.74,2.99,3.3,
132.78,4.1,3.02,4.35,
132.92,4.33,3.63,3.03,
133.06,3.97,4.19,3.32,
133.19,2.53,5.27,3.37,
133.33,3.63,4.06,3.08,
133.47,3.41,4.82,4.55,
133.61,4.3,4.12,3.61,
133.75,5.61,3.96,4.16,
133.89,5.76,3.02,4.2,
134.03,3.51,4.11,4.35,
134.17,3.12,3.96,3.14,
134.31,3.2,4.09,3.7,
134.44,3.3,4.49,5.04,
134.58,4.61,4.65,4.55,
134.72,4.31,4.02,5.14,
134.86,3.75,3.37,4.26,
135,3.16,3.05,3.38,
135.14,3.07,2.85,5.04,
135.28,2.93,3.52,4.51,
135.42,2.71,3.35,3.68,
135.56,3.15,3.02,5.27,
135.69,2.26,3.06,5.89,
135.83,3.59,3.22,4.94,
135.97,3.51,2.86,4.42,
136.11,2.62,2.95,3.19,
136.25,4.39,2.62,3.5,
136.39,3.25,2.44,4.46,
136.53,3.39,2.41,3.78,
136.67,3.21,2.52,4.05,
136.81,2.73,2.41,5.41,
136.94,3.14,3.12,4.33,
137.08,3.53,3.3,3.59,
137.22,3.79,2.89,4.16,
137.36,3.17,3.09,3.99,
137.5,3.53,2.62,3.98,
137.64,3.63,2.8,5.04,
137.78,2.94,2.93,3.43,
137.92,3.98,2.56,4.2,
138.06,2.79,3.49,4.27,
138.19,3.04,3.57,4.22,
138.33,2.98,3.25,4.99,
138.47,2.7,3.6,3.54,
138.61,3.17,3.95,3.93,
138.75,3.97,3.58,3.21,
138.89,3.68,3.44,3.78,
139.03,3.38,3.99,4.86,
139.17,4.35,4.26,3.99,
139.31,5.22,4.47,4.37,
139.44,6.8,5.24,3.66,
139.58,4.31,3.88,3.57,
139.72,4.48,3.96,3.83,
139.86,2.29,4.17,4.58,
140,3.66,4.06,4,
140.14,4.15,6.76,4.37,
140.28,4.6,5.78,4.09,
140.42,4.38,6.1,2.35,
140.56,5.31,5.83,3.22,
140.69,3.58,4.63,3.13,
140.83,3.85,4.37,4.27,
140.97,2.4,4.92,4.07,
141.11,4.08,4.26,4.19,
141.25,4.18,4.95,2.5,
141.39,3.39,4.89,2.8,
141.53,3.09,5.24,2,
141.67,2.92,5.67,3.85,
141.81,2.6,5.39,2.93,
141.94,2.67,4.84,3.74,
142.08,3.05,5.27,2.73,
142.22,3.35,5.84,2.57,
142.36,3.1,4.72,2.44,
142.5,3.94,4.46,2.43,
142.64,2.33,4.32,3.11,
142.78,2.66,3.67,3.35,
142.92,2.6,3.5,2.9,
143.06,3.2,3.39,4.15,
143.19,4.23,3.54,3.4,
143.33,4.03,4.09,3.29,
143.47,2.79,4.03,3.54,
143.61,2.84,4.33,3.25,
143.75,2.8,3.92,3.66,
143.89,2.98,3.53,2.95,
144.03,3.27,2.83,3.46,
144.17,4.4,3.2,2.93,
144.31,3.53,2.86,2.46,
144.44,4.17,2.73,4.02,
144.58,3.89,3.77,2.98,
144.72,3.5,3.9,3.25,
144.86,3.94,4.4,4.13,
145,3.67,5.46,2.98,
145.14,3.92,2.88,2.75,
145.28,4.91,2.48,2.32,
145.42,3.31,2.48,2.16,
145.56,3.81,2.86,3.11,
145.69,3.61,3.52,3.38,
145.83,4.36,5.14,3.2,
145.97,4.04,4.02,4.09,
146.11,4.36,3.11,3.76,
146.25,5.08,2.53,2.91,
146.39,4.05,2.33,3.09,
146.53,3.52,2.77,2.96,
146.67,4.16,3.06,2.5,
146.81,3.66,3.46,2.93,
146.94,3.58,3.88,2.93,
147.08,3.67,3.62,2.85,
147.22,3.03,2.99,3.32,
147.36,3.24,2.71,2.77,
147.5,2.82,3.2,2.4,
147.64,2.8,3.04,2.56,
147.78,3.51,3.23,3.36,
147.92,3.04,3.09,4.97,
148.06,3.18,2.8,3.26,
148.19,3.44,3.11,3.88,
148.33,3.01,2.87,3.14,
148.47,2.99,3,4.18,
148.61,3.6,3.49,3.25,
148.75,3.69,2.85,4.45,
148.89,3.56,2.58,3.69,
149.03,3.71,3.21,3.49,
149.17,3.64,2.62,4.06,
149.31,3.57,2.94,3.47,
149.44,4.23,3.7,3.4,
149.58,4.55,3.79,3.92,
149.72,4.53,3.17,3.9,
149.86,4.41,3.53,3.78,
150,3.89,3.47,3.58,
150.14,3.52,3.44,2.74,
150.28,2.88,4.48,3.09,
150.42,2.21,4,3.44,
150.56,2.3,3.25,2.76,
150.69,2.37,3.22,3.06,
150.83,2.57,3.02,4.2,
150.97,3.04,2.91,3.19,
151.11,4.22,4.07,3.58,
151.25,3.38,3.1,3.35,
151.39,2.42,3.94,4.44,
151.53,2.45,3.05,3.32,
151.67,2.1,3.02,4.29,
151.81,2.12,2.81,3.15,
151.94,2.66,3.22,4.09,
152.08,2.63,2.96,2.95,
152.22,3.21,3.16,3.46,
152.36,3.46,3.01,4.4,
152.5,2.78,2.77,4.84,
152.64,2.31,2.56,5.17,
152.78,2.82,2.78,5.24,
152.92,2.86,2.74,4.99,
153.06,2.54,2.81,4.87,
153.19,2.66,3.24,3.97,
153.33,2.61,2.69,4.5,
153.47,2.43,2.53,4.09,
153.61,3.32,2.62,4.13,
153.75,4.07,2.42,3.28,
153.89,3.12,2.64,3.83,
154.03,3.32,2.73,4.64,
154.17,2.74,2.83,4.33,
154.31,2.68,2.77,4.87,
154.44,3.31,2.67,4.59,
154.58,3.97,2.57,4.48,
154.72,2.8,2.45,4.78,
154.86,3.01,2.94,4.64,
155,2.53,3.13,4.98,
155.14,2.25,2.79,5.65,
155.28,2.55,2.68,5.26,
155.42,4.85,2.55,5.24,
155.56,2.93,2.51,5.62,
155.69,4.59,2.69,4.24,
155.83,3.44,2.9,4.39,
155.97,2.95,3.22,4.19,
156.11,2.63,4.05,3.75,
156.25,3.12,3.35,4.04,
156.39,3.36,2.93,3.99,
156.53,4.16,2.72,2.74,
156.67,4.85,2.88,3.95,
156.81,3.33,2.4,2.8,
156.94,2.86,2.76,2.68,
157.08,3.31,3.46,3.05,
157.22,2.66,3.75,2.78,
157.36,2.78,3.17,3.74,
157.5,4.25,2.96,3.56,
157.64,3.21,2.4,2.42,
157.78,3.4,2.71,2.99,
157.92,3.92,2.57,3.51,
158.06,3.62,2.66,4.06,
158.19,3.04,2.73,3.32,
158.33,3.81,3.08,4.13,
158.47,3.17,2.79,3.23,
158.61,3.67,3.3,3.39,
158.75,4.55,3.38,3.41,
158.89,5.14,3,2.74,
159.03,4.81,2.8,3.92,
159.17,4.72,2.48,3.77,
159.31,3.14,2.49,3.48,
159.44,2.56,3.39,4.91,
159.58,3.84,4.42,3.94,
159.72,3.47,4.5,3.6,
159.86,4.33,4.17,3.36,
160,5.31,3.75,3.62,
160.14,4.27,2.85,3.64,
160.28,3.06,2.85,4.66,
160.42,3.16,3.94,5.36,
160.56,2.36,3.43,5.34,
160.69,2.52,4.69,4.82,
160.83,4.27,5.01,3.78,
160.97,2.52,3.85,4.08,
161.11,4.01,3.35,3.5,
161.25,3.5,4.06,4.05,
161.39,3.23,3.72,4.73,
161.53,2.5,3.82,4.76,
161.67,3.19,4.48,5.01,
161.81,3.38,3.7,4.25,
161.94,3.22,3.59,3.58,
162.08,3.06,4.08,3.88,
162.22,2.74,3.53,4.8,
162.36,2.5,3.56,4.87,
162.5,3.73,3.43,4.8,
162.64,3.88,3.28,5.1,
162.78,3.39,3.11,4.8,
162.92,5.28,3.74,3.92,
163.06,4.34,3.56,4.27,
163.19,4.27,3.74,3.69,
163.33,3.34,4.06,4.54,
163.47,3.95,2.81,4.73,
163.61,3.44,2.57,4.4,
163.75,3.63,3.1,4.8,
163.89,7.57,4.21,4.04,
164.03,5.89,5.24,2.49,
164.17,4.33,5.87,3.44,
164.31,4.71,5.84,2.81,
164.44,4.24,3.85,3.59,
164.58,3.3,2.85,4.53,
164.72,4.05,3.08,3.18,
164.86,3.99,3.36,2.81,
165,3.62,3.95,3.75,
165.14,3.58,4.04,2.44,
165.28,4.07,3.07,2.46,
165.42,3.65,3.53,3.23,
165.56,4.44,3.2,2.69,
165.69,6.09,2.91,2.96,
165.83,5.29,3.09,4.4,
165.97,4.04,4.21,3.73,
166.11,3.72,2.75,3.8,
166.25,3.3,2.79,2.81,
166.39,3.61,3.58,3.08,
166.53,4.08,3.63,2.23,
166.67,3.29,3.64,3.9,
166.81,2.94,4.36,2.23,
166.94,3.48,3.56,2.59,
167.08,4,3.23,2.52,
167.22,4.23,3.34,2.51,
167.36,4.86,3.38,2.89,
167.5,4.34,3.31,2.23,
167.64,2.66,3.78,2.01,
167.78,2.65,3.6,1.86,
167.92,2.15,2.83,2.49,
168.06,3.33,3.03,2.15,
168.19,3.04,2.9,3.46,
168.33,3.41,2.67,2.93,
168.47,3.18,3.28,3.06,
168.61,2.53,4.02,4.23,
168.75,2.7,2.85,3.49,
168.89,2.03,3,3.13,
169.03,2.37,3.18,3.9,
169.17,2.45,2.77,3.3,
169.31,2.25,2.39,3.1,
169.44,2.42,2.8,4.19,
169.58,2.38,2.64,4.54,
169.72,1.92,2.56,3.45,
169.86,2.25,3.68,3.69,
170,2.39,2.5,2.53,
170.14,2.59,2.48,3.02,
170.28,2.23,2.42,4.16,
170.42,2.45,2.59,3.24,
170.56,2.19,2.33,3.2,
170.69,2.01,3.06,3.16,
170.83,3.36,3.04,2.15,
170.97,2.28,2.44,2.92,
171.11,2.33,2.82,2.32,
171.25,3.01,2.62,2.71,
171.39,3.18,2.46,3.77,
171.53,3.3,2.59,3.8,
171.67,2.38,3.01,4.25,
171.81,2.39,3.04,2.78,
171.94,2.18,2.93,2.99,
172.08,2.05,2.79,2.92,
172.22,3.91,3.09,3.47,
172.36,3.53,2.5,3.31,
172.5,2.67,2.9,2.65,
172.64,2.75,3.01,3.58,
172.78,2.75,2.57,2.56,
172.92,2.41,3.44,2.58,
173.06,2.51,3.49,3.34,
173.19,2.63,4.05,2.98,
173.33,2.51,3.02,3.05,
173.47,2.57,2.96,3.66,
173.61,2.84,2.69,3.11,
173.75,2.46,2.54,2.81,
173.89,2.41,3.34,2.75,
174.03,2.77,3.55,2.59,
174.17,2.67,3.58,2.64,
174.31,2.69,3.42,2.9,
174.44,2.83,3.21,2.8,
174.58,2.63,2.65,3.38,
174.72,2.41,2.95,4.51,
174.86,2.48,3.34,3.9,
175,2.52,3.45,3.6,
175.14,2.78,2.96,3.17,
175.28,3.16,3.51,3.22,
175.42,2.98,3.02,4.48,
175.56,2.63,3.16,4.02,
175.69,3,3.44,3.73,
175.83,2.77,3.22,3.74,
175.97,2.56,2.77,2.96,
176.11,3.3,4.1,4.02,
176.25,3.34,3.22,4.51,
176.39,3.32,3.44,3.49,
176.53,3.55,3.41,3.38,
176.67,3.6,3.63,2.93,
176.81,3.22,3.01,2.79,
176.94,2.67,2.92,3.65,
177.08,3.51,2.93,3.03,
177.22,4.08,3.4,3.06,
177.36,4.15,3.67,4.37,
177.5,3.4,4.29,2.72,
177.64,2.92,4.04,2.3,
177.78,2.64,2.92,3.69,
177.92,2.86,3.79,2.93,
178.06,3.53,3.85,4.18,
178.19,4.63,3.84,4.16,
178.33,4.69,4.1,4.32,
178.47,4.68,3.97,3.53,
178.61,4.73,3.49,3.18,
178.75,3.4,3.02,3.75,
178.89,3.65,3.99,3.83,
179.03,4.87,3.87,2.9,
179.17,5.43,3.45,2.59,
179.31,4.7,3.06,3.34,
179.44,5.65,3.23,4.2,
179.58,5.07,2.89,4.11,
179.72,4.46,3.72,3.31,
179.86,4.41,3.57,3.03,
180,5.7,3.21,3.14,
180.14,4.34,4.09,2.95,
180.28,4.46,3.57,2.87,
180.42,5.49,3.39,4.37,
180.56,4.13,3.1,3.46,
180.69,5.16,3.05,3.2,
180.83,5.05,2.83,3.77,
180.97,4.52,3.97,3.83,
181.11,4.83,3.72,3.15,
181.25,5.51,3.99,4.28,
181.39,4.19,4.37,3.81,
181.53,4.97,4.67,4.21,
181.67,5.38,3.94,4.52,
181.81,5.71,3.55,4.52,
181.94,4.51,3.64,4.17,
182.08,4.09,3.39,4.24,
182.22,4.52,3.8,3.38,
182.36,4.63,3.94,3.51,
182.5,4.54,3.9,3.38,
182.64,4.05,4.94,4.5,
182.78,3.43,6.07,4.14,
182.92,3.34,3.89,3.6,
183.06,4.62,4.39,3.15,
183.19,4.7,4.1,3.62,
183.33,4.89,3.79,4,
183.47,4.7,4.27,3.58,
183.61,3.87,4.63,3.64,
183.75,3.55,4.57,4.19,
183.89,3.5,6.69,4.17,
184.03,3.58,4.76,3.94,
184.17,4.42,4.85,4.36,
184.31,5.37,6.01,4.54,
184.44,5.57,5.5,4.33,
184.58,4.85,6.21,4.25,
184.72,4.41,5.68,4.9,
184.86,3.72,6.82,4.76,
185,3.07,6.72,4.64,
185.14,3.59,7.14,4.34,
185.28,4.37,7.08,3.98,
185.42,4.31,6.33,3.63,
185.56,5.68,6.63,3.58,
185.69,4.63,6.88,3.83,
185.83,4.24,7.06,4.3,
185.97,4.73,5.45,4.04,
186.11,3.65,5.37,4.09,
186.25,3.71,4.29,3.8,
186.39,3.34,5.22,4.13,
186.53,3.57,5.45,4.3,
186.67,3.51,6.33,4.04,
186.81,4.17,7.01,4.72,
186.94,4.67,5.93,4.65,
187.08,4.51,4.63,4.67,
187.22,4.48,5.1,4.58,
187.36,3.57,6.51,4.41,
187.5,3.63,7.04,4.51,
187.64,3.63,6.36,3.32,
187.78,3.26,6.39,3.83,
187.92,2.86,5.61,3.35,
188.06,4.18,4.01,3.74,
188.19,3.3,4.59,4.49,
188.33,3.57,6.04,3.65,
188.47,3.72,4.67,3.37,
188.61,3.13,5.95,3.2,
188.75,3.79,5.22,2.55,
188.89,2.98,4.83,2.56,
189.03,3.16,4.45,3.7,
189.17,2.86,4.45,2.98,
189.31,3.34,4.08,3.75,
189.44,2.99,4.7,3.22,
189.58,3.22,5.68,2.72,
189.72,3.35,4.53,2.85,
189.86,3.19,4.47,2.48,
190,3.07,4.81,3.29,
190.14,2.92,3.82,3.37,
190.28,2.62,3.99,3.49,
190.42,2.61,4.27,4.63,
190.56,3.01,3.71,4.29,
190.69,3.31,3.79,3.57,
190.83,3.37,3.89,2.78,
190.97,2.95,3.84,2.87,
191.11,3.09,3.66,3.83,
191.25,2.87,3.74,4.03,
191.39,2.98,3.71,3.89,
191.53,3.48,3.57,3.76,
191.67,2.99,3.64,4.48,
191.81,3.22,3.37,4.26,
191.94,3.11,3.61,3.36,
192.08,3.83,3.54,4,
192.22,3.43,3.45,3.69,
192.36,3.63,3.41,2.97,
192.5,3.47,3.46,3.33,
192.64,3.38,3.46,2.89,
192.78,3.09,3.33,3.27,
192.92,3.09,3.77,3.47,
193.06,3.75,4.08,3.61,
193.19,3.47,3.84,3.83,
193.33,2.86,4.08,4.25,
193.47,3.39,3.54,3.4,
193.61,3.72,3.94,4,
193.75,3.44,3.66,3.34,
193.89,3.83,3.63,2.87,
194.03,3.32,3.82,4.56,
194.17,3.05,4.59,4.35,
194.31,3.15,4.85,4.38,
194.44,3.99,3.77,3.67,
194.58,3.33,4.69,3.47,
194.72,3.18,3.9,4.03,
194.86,3.72,3.6,4.17,
195,3.24,5.08,4.22,
195.14,3.87,4.18,4.38,
195.28,3.5,4.74,3.22,
195.42,3.78,3.69,3.66,
195.56,3.45,3.67,3.31,
195.69,3,3.85,2.71,
195.83,2.87,4.17,3.55,
195.97,2.99,4.73,3.05,
196.11,2.96,3.52,3.02,
196.25,3.27,3.48,4.03,
196.39,4,3.5,3.4,
196.53,4.24,4.87,3.66,
196.67,3.58,4.86,4.88,
196.81,3.46,4.12,3.29,
196.94,3.77,3.81,4.01,
197.08,3.8,3.41,3.41,
197.22,4.49,3.18,3.25,
197.36,4.54,3.6,4.24,
197.5,4.34,4.26,4.12,
197.64,3.9,4.24,3.73,
197.78,3.61,3.7,3.47,
197.92,3.9,3.29,3.64,
198.06,3.74,3.42,3.14,
198.19,3.97,3.35,3.48,
198.33,3.02,3.53,3.37,
198.47,3.49,4.35,4.03,
198.61,4.18,3.67,3.99,
198.75,3.62,3.53,3.22,
198.89,3.73,3.59,3.52,
199.03,3.78,3.49,3.25,
199.17,3.53,3.7,3.45,
199.31,3.39,3.85,3.94,
199.44,3.64,4.22,4.01,
199.58,3.6,4.62,3.53,
199.72,4.06,3.99,3.17,
199.86,3.79,3.5,3.39,
200,3.83,3.42,3.95,
200.14,3.14,3.72,4.69,
200.28,3.57,3.4,4.5,
200.42,3.16,3.31,4.99,
200.56,3.2,3.55,4.07,
200.69,3.4,3.39,4.72,
200.83,2.98,2.95,4.04,
200.97,3.26,3.34,2.75,
201.11,3.01,3.08,3.77,
201.25,3.19,3.12,3.65,
201.39,3.25,3.42,3.42,
201.53,2.98,3.42,4.18,
201.67,3.36,3.55,3.43,
201.81,3.4,3.34,3.47,
201.94,3.47,3.24,3.97,
202.08,3.41,3.43,3.36,
202.22,3.46,3.44,3.61,
202.36,3.24,3.48,3.81,
202.5,3.24,3.53,3.32,
202.64,3.57,3.69,3.53,
202.78,3.47,3.47,3.6,
202.92,3.4,3.52,3.85,
203.06,3.38,3.54,4.03,
203.19,3.48,3.44,3.64,
203.33,3.45,3.59,3.73,
203.47,3.65,3.66,4.04,
203.61,3.37,3.35,3.75,
203.75,3.39,3.38,3.48,
203.89,3.36,3.24,4.32,
204.03,3.38,3.45,4.48,
204.17,3.13,3.21,4.33,
204.31,3.79,3.76,3.7,
204.44,3.56,3.44,3.4,
204.58,3.72,3.27,4.32,
204.72,3.52,3.38,3.91,
204.86,3.38,3.26,3.52,
205,3.27,3.57,4.64,
205.14,3.25,3.6,4.53,
205.28,3.46,3.55,4.05,
205.42,3.77,3.2,4.71,
205.56,4.1,3.5,3.95,
205.69,3.96,3.29,4.13,
205.83,3.59,3.45,4.66,
205.97,3.39,3.77,4.55,
206.11,3.26,3.42,4.84,
206.25,3.66,3.37,3.64,
206.39,3.75,2.89,4.13,
206.53,4.07,3.31,4.69,
206.67,3.93,3.12,3.84,
206.81,3.67,3.14,5.29,
206.94,3.6,3.3,4.97,
207.08,3.39,3.29,3.97,
207.22,3.69,3.3,4.19,
207.36,3.79,3.05,4.66,
207.5,3.22,3.3,4.23,
207.64,3.68,3.26,4.02,
207.78,3.4,3.42,3.84,
207.92,3.38,3.17,4.04,
208.06,3.62,3.42,3.98,
208.19,3.32,3.53,4.22,
208.33,3.42,3.27,4.14,
208.47,3.45,3.45,3.41,
208.61,3.7,3.54,3.98,
208.75,3.59,3.59,4.45,
208.89,4,3.69,3.9,
209.03,3.38,3.68,4.14,
209.17,3.43,3.6,4.08,
209.31,3.3,3.38,3.15,
209.44,3.12,3.5,3.18,
209.58,3.13,3.08,3.24,
209.72,3.43,3.54,2.65,
209.86,3.46,3.2,3.82,
210,3.36,3.4,3.41,
210.14,3.3,3.14,3.58,
210.28,3.04,3.16,3.55,
210.42,2.88,3.05,3.07,
210.56,3.36,3.2,3.29,
210.69,3.55,3.4,2.76,
210.83,3.4,3.06,3.48,
210.97,3.97,3.34,4.24,
211.11,3.63,3.37,3.41,
211.25,3.26,3.21,2.85,
211.39,3.36,3.35,2.88,
211.53,3.2,3.33,3.21,
211.67,3.45,3.21,3.28,
211.81,3.56,4.14,3.6,
211.94,3.36,3.57,4.38,
212.08,3.1,3.62,3.5,
212.22,2.8,3.26,3.56,
212.36,3,3.12,3.96,
212.5,2.93,2.96,3.34,
212.64,3.35,3.25,4.36,
212.78,3.59,3.48,3.82,
212.92,3.31,3.22,4.59,
213.06,3.43,3.47,4.29,
213.19,3.11,3.23,4.13,
213.33,3,3.04,5.18,
213.47,3.36,3.23,4.96,
213.61,3.23,3.11,4.47,
213.75,3.95,3.05,4.13,
213.89,4.12,3.24,4.76,
214.03,3.62,3.39,4.79,
214.17,3.34,3.42,3.59,
214.31,3.45,3.27,4.58,
214.44,3.45,3.32,4.31,
214.58,3.22,3.16,3.68,
214.72,3.95,3.53,4.28,
214.86,4.12,3.39,3.94,
215,3.31,3.06,4.58,
215.14,3.1,3.19,3.71,
215.28,3.61,2.97,3.59,
215.42,3.89,3.08,3.3,
215.56,4.02,3.23,3.83,
215.69,4.14,3.22,4.05,
215.83,4.42,3.18,4.76,
215.97,3.81,3.51,3.81,
216.11,3.68,3.12,4.22,
216.25,3.74,3.42,4.42,
216.39,3.98,3.38,3.71,
216.53,3.82,3.3,3.85,
216.67,3.62,3.32,3.22,
216.81,3.55,3.24,3.81,
216.94,3.55,3.45,3.77,
217.08,3.72,3.62,4.11,
217.22,4.04,3.1,4.99,
217.36,3.65,3.48,4.72,
217.5,4.01,3.25,4.16,
217.64,3.73,3.45,3.88,
217.78,3.4,3.25,4.79,
217.92,3.65,3.51,4.23,
218.06,3.87,3.33,4.66,
218.19,3.39,3.51,4.3,
218.33,3.38,3.53,4.13,
218.47,3.95,3.19,4.84,
218.61,3.46,3.26,4.04,
218.75,3.42,3.38,4.22,
218.89,3.55,3.19,4.54,
219.03,3.5,3.26,4.47,
219.17,3.51,3.71,4.61,
219.31,3.56,4.06,4.02,
219.44,3.68,3.83,4.65,
219.58,3.42,3.26,4.41,
219.72,3.91,3.29,4.04,
219.86,3.8,3.46,4.3,
220,3.95,3.7,4.57,
220.14,4.14,3.21,3.98,
220.28,3.87,3.1,4.89,
220.42,4.14,3.25,4.13,
220.56,4.08,3.3,4.24,
220.69,3.94,3.48,4.83,
220.83,3.87,2.82,3.86,
220.97,4.21,3.01,3.92,
221.11,3.64,2.69,4.04,
221.25,3.92,2.57,4,
221.39,4.24,3,4.13,
221.53,3.78,3.15,3.45,
221.67,4.2,2.97,4.08,
221.81,4.22,2.8,3.16,
221.94,3.85,2.71,3.16,
222.08,3.93,2.91,3.12,
222.22,3.86,3.13,3.15,
222.36,3.85,2.55,3.43,
222.5,3.61,3.08,4.3,
222.64,4.49,3.24,3.08,
222.78,3.48,2.92,3.88,
222.92,4.14,2.77,3.61,
223.06,3.93,2.83,3.08,
223.19,3.63,2.65,3.8,
223.33,4,2.75,2.99,
223.47,3.69,2.48,3.6,
223.61,3.1,2.67,3.65,
223.75,3.12,2.61,3.39,
223.89,4,2.86,4.65,
224.03,3.21,2.9,3.56,
224.17,3.52,3.04,3.06,
224.31,3.87,3.25,3.3,
224.44,3.72,2.81,2.99,
224.58,3.8,2.87,3.17,
224.72,4.36,2.8,3.58,
224.86,3.83,2.94,3.44,
225,4.39,2.93,3.57,
225.14,4.67,3.4,3.82,
225.28,4.34,3.6,3.39,
225.42,4.03,3.25,3.44,
225.56,4.24,3.46,3.4,
225.69,4.03,3.3,3.78,
225.83,4.33,3.51,4.41,
225.97,4.09,3.74,5.03,
226.11,3.43,4.12,3.99,
226.25,3.88,3.37,5,
226.39,3.21,3.29,4.29,
226.53,3.59,3.15,4.38,
226.67,3.79,3.14,5.08,
226.81,3.57,3.47,4.52,
226.94,3.98,3.54,5.08,
227.08,3.76,3.79,4.95,
227.22,3.94,3.71,4.88,
227.36,3.48,3.54,5.17,
227.5,4.36,3.46,5.02,
227.64,3.74,3.6,6.07,
227.78,3.83,3.23,5.83,
227.92,4.27,3.37,5.49,
228.06,4.28,3.7,5.69,
228.19,3.72,3.44,4.97,
228.33,3.78,3.54,5.17,
228.47,3.34,3.34,5.56,
228.61,3.26,3.2,4.87,
228.75,4.4,3.47,4.99,
228.89,3.98,2.82,5.23,
229.03,5.21,3.38,3.54,
229.17,3.99,3.25,3.55,
229.31,3.35,3.3,3.26,
229.44,3.67,3.4,3.26,
229.58,4.47,3.54,3.48,
229.72,3.5,3.03,3.03,
229.86,3.83,3.14,2.8,
230,4.05,2.7,2.48,
230.14,3.87,3.13,2.43,
230.28,3.88,3.46,2.49,
230.42,3.73,3.73,2.95,
230.56,3.8,4.16,2.36,
230.69,4.07,3.51,2.72,
230.83,4,3.4,2.53,
230.97,3.65,3.34,3.23,
231.11,3.91,2.92,3.79,
231.25,4.56,2.98,3.12,
231.39,3.88,3.21,3.9,
231.53,3.75,3.33,4.11,
231.67,4.66,3.69,4.2,
231.81,3.56,3.51,5.07,
231.94,3.25,3.41,3.97,
232.08,3.23,3.19,3.82,
232.22,3.26,3.03,4.08,
232.36,3.59,3.36,4.34,
232.5,3.29,3.29,3.78,
232.64,3.34,3.2,2.97,
232.78,3.39,3.76,2.85,
232.92,3.62,3.36,4.14,
233.06,3.44,3.54,4.02,
233.19,3.67,3.36,4.45,
233.33,3.71,3.13,3.75,
233.47,3.66,3.63,3.81,
233.61,3.46,3.48,3.56,
233.75,3.71,3.25,3.72,
233.89,3.32,3.53,2.83,
234.03,3.74,3.32,3.56,
234.17,4.69,3.62,4.87,
234.31,3.67,3.57,2.76,
234.44,3.61,3.47,3.39,
234.58,3.74,3.15,3.35,
234.72,3.42,3.11,3.74,
234.86,3.91,3.16,3.84,
235,3.92,3.21,3.4,
235.14,3.37,3.28,2.91,
235.28,3.48,3.36,3.45,
235.42,3.55,3.44,3.19,
235.56,3.07,3.2,3.57,
235.69,3.07,3.02,4.29,
235.83,3.57,3.03,3.58,
235.97,3.35,3.16,5.09,
236.11,3.64,3.37,4.45,
236.25,3.7,3.36,3.34,
236.39,3.31,2.82,4.06,
236.53,3.74,2.97,3.16,
236.67,3.56,3.04,4.42,
236.81,3.35,3.4,4.51,
236.94,3.63,3.03,4.1,
237.08,3.77,3.59,3.52,
237.22,3.01,3.46,4.06,
237.36,3.8,3.43,4.02,
237.5,3.86,3.06,3.88,
237.64,3.73,3.32,3.58,
237.78,4.07,3.24,4.66,
237.92,3.49,3.11,3.71,
238.06,3.49,3.26,2.7,
238.19,3.17,3.04,3.63,
238.33,3.44,2.93,3.3,
238.47,3.01,3.17,4.18,
238.61,4.06,3.14,3.88,
238.75,4.29,3.56,3.61,
